Centro,Deposito,Material,Texto breve material,Unid.medida basica,Utilizacao livre,Val.utiliz.livre,Em contr.qualidade,Valor verif.qual.,Bloqueado,Val.estoque bloq.,N estoque especial,Elemento PEP,Estoque especial,Grupo de mercadorias,Tipo de material
8,D030,10000063,TOUCA FLUORESCENTE P USO EM CAPACETE,un,124,000,4.127,23,0,000,0,00,0,000,0,00,,,,EPI000014,Z001
8,D030,10000079,OCULOS PARA PROTECAO DIVERSOS CINZA,un,3,000,97,91,0,000,0,00,0,000,0,00,,,,EPI000043,Z001
8,D030,10000109,CALCA MASC AZUL C FAIXA REFLETIVA TAM P,un,60,000,5.561,30,0,000,0,00,0,000,0,00,,,,EPI000081,Z001
8,D030,10000111,CAMISA M/C AZUL C FAIXA REFLETIVA TAM G,un,165,000,16.884,09,0,000,0,00,0,000,0,00,,,,EPI000084,Z001
8,D030,10000146,AVENTAL DE RASPA S/ MANGA TAM M,un,8,000,241,60,0,000,0,00,0,000,0,00,,,,EPI000003,Z001
8,D030,10000159,BOTA DE VAQUETA C COMP METALICO N.39,PAR,4,000,306,58,0,000,0,00,0,000,0,00,,,,EPI000008,Z001
8,D030,10000160,BOTA PVC C PALMILHA/BIQUEIRA ACO N.41,PAR,278,000,17.946,72,0,000,0,00,0,000,0,00,,,,EPI000006,Z001
8,D030,10000161,BOTINA SEGURANCA SEM COMP METALICOS N.43,PAR,168,000,15.263,64,0,000,0,00,0,000,0,00,,,,EPI000009,Z001
8,D030,10000277,JAQUETA DE P/A C FX REFLET TAM GG,un,156,000,41.664,30,0,000,0,00,0,000,0,00,,,,EPI000092,Z001
8,D030,10000406,BOTINA SEGURANCA SEM COMP METALICOS N.34,PAR,3,000,257,04,0,000,0,00,0,000,0,00,,,,EPI000009,Z001
8,D030,10000437,CALCA DE NAILON IMPERMEAVEL TAMANHO GG,un,66,000,16.824,55,0,000,0,00,0,000,0,00,,,,EPI000021,Z001
8,D030,10000448,CAMISA MANGA COMP C FX REFLETIVA TAM M,un,207,000,23.253,99,0,000,0,00,0,000,0,00,,,,EPI000084,Z001
8,D030,10000461,CAPACETE DE POLIETILENO CINZA C CATRACA,un,17,000,1.079,92,0,000,0,00,0,000,0,00,,,,EPI000014,Z001
8,D030,10000622,JAQUETA DE NAILON IMPERMEAVEL TAMANHO M,un,104,000,35.354,93,0,000,0,00,0,000,0,00,,,,EPI000021,Z001
8,D030,10000640,LUVA DE PVC EXTRA LONGA/ASPERA TAMANHO M,PAR,27,000,669,97,0,000,0,00,0,000,0,00,,,,EPI000030,Z001
8,D030,10000739,BLUSAO MASCULINO C FX REFLETIVA TAM PP,un,12,000,1.129,41,0,000,0,00,0,000,0,00,,,,EPI000078,Z001
8,D030,10000744,BOLSA DE PVC P TRANSPORTE DE EPIS,un,102,000,36.440,67,0,000,0,00,0,000,0,00,,,,EPI000107,Z001
8,D030,10000757,BOTA PVC C PALMILHA/BIQUEIRA ACO N.46,PAR,7,000,493,28,0,000,0,00,0,000,0,00,,,,EPI000006,Z001
8,D030,10000760,BOTINA SEGURANCA SEM COMP METALICOS N.39,PAR,36,000,2.989,18,0,000,0,00,0,000,0,00,,,,EPI000009,Z001
8,D030,10000996,CAMISA M/C AZUL C FAIXA REFLETIVA TAM XG,un,58,000,5.998,32,0,000,0,00,0,000,0,00,,,,EPI000084,Z001
8,D030,10001018,CAPA DE NAILON IMPERMEAVEL AMARELA TAM G,un,217,000,74.956,83,0,000,0,00,0,000,0,00,,,,EPI000013,Z001
8,D030,10001020,CAPA NAILON IMPERMEAVEL AMARELA TAM GG,un,70,000,24.166,05,0,000,0,00,0,000,0,00,,,,EPI000013,Z001
8,D030,10001045,LUVA NITRILICA TAM. (M) 9.5 LONGA,PAR,30,000,1.444,34,0,000,0,00,0,000,0,00,,,,EPI000034,Z001
8,D030,10001242,LUVA DE P/A TAMANHO 8 COR AMARELA,PAR,331,000,7.856,16,0,000,0,00,0,000,0,00,,,,EPI000027,Z001
8,D030,10001319,PROTETOR SOLAR LOCAO FPS 30 125 ML,un,109,000,929,80,11,000,93,83,0,000,0,00,,,,EPI000024,Z001
8,D030,10001352,SEMIMASCARA P POEIRAS/FUMOS DE SOLDA,un,2.340,000,41.504,20,0,000,0,00,0,000,0,00,,,,EPI000054,Z001
8,D030,10001520,BOTA PVC C PALMILHA/BIQUEIRA ACO N.39,PAR,83,000,5.505,38,0,000,0,00,0,000,0,00,,,,EPI000006,Z001
8,D030,10001521,BOTA PVC C PALMILHA/BIQUEIRA ACO N.44,PAR,83,000,5.121,07,0,000,0,00,0,000,0,00,,,,EPI000006,Z001
8,D030,10001522,BOTA PVC C PALMILHA/BIQUEIRA DE ACO N.37,PAR,58,000,3.927,90,0,000,0,00,0,000,0,00,,,,EPI000006,Z001
8,D030,10001527,BOTINA SEGURANCA SEM COMP METALICOS N.37,PAR,3,000,268,60,0,000,0,00,0,000,0,00,,,,EPI000009,Z001
8,D030,10001528,BOTINA SEGURANCA SEM COMP METALICOS N.41,PAR,36,000,3.305,99,16,000,1.469,33,0,000,0,00,,,,EPI000009,Z001
8,D030,10001529,BOTINA SEGURANCA SEM COMP METALICOS N.46,PAR,4,000,379,57,0,000,0,00,0,000,0,00,,,,EPI000009,Z001
8,D030,10001684,BLUSAO MASCULINO AZUL TAM P,un,12,000,271,05,0,000,0,00,0,000,0,00,,,,EPI000077,Z001
8,D030,10001685,BLUSAO MASCULINO C FX REFLETIVA TAM M,un,126,000,10.572,98,0,000,0,00,0,000,0,00,,,,EPI000078,Z001
8,D030,10001693,CAMISA M/C AZUL C FAIXA REFLETIVA TAM P,un,16,000,1.613,62,0,000,0,00,0,000,0,00,,,,EPI000084,Z001
8,D030,10001694,CAMISA MANGA COMP C FX REFLETIVA TAM G,un,291,000,32.783,99,0,000,0,00,0,000,0,00,,,,EPI000084,Z001
8,D030,10001709,CAMISETA AZUL C FAIXA REFLETIVA TAM M,un,49,000,5.011,54,44,000,4.500,15,0,000,0,00,,,,EPI000088,Z001
8,D030,10001851,CALCA DE NAILON IMPERMEAVEL TAMANHO XG,un,92,000,23.450,81,0,000,0,00,0,000,0,00,,,,EPI000021,Z001
8,D030,10001860,CALCA MASC AZUL C FAIXA REFLETIVA TAM GG,un,11,000,1.056,43,0,000,0,00,0,000,0,00,,,,EPI000081,Z001
8,D030,10001953,ENVEL 310X410MM-PLASTICO-C/IMPRESSP11AF24,un,2.100,000,4.741,50,0,000,0,00,0,000,0,00,,,,11,Z001
8,D030,10002114,JAQUETA DE NAILON IMPERMEAVEL TAMANHO G,un,247,000,84.366,29,0,000,0,00,0,000,0,00,,,,EPI000021,Z001
8,D030,10002115,JAQUETA DE NAILON IMPERMEAVEL TAMANHO XG,un,51,000,17.429,54,0,000,0,00,0,000,0,00,,,,EPI000021,Z001
8,D030,10002147,JUNTA FLEXIV.LUVA DEMAX 250MM/DEM.225MM,un,25,000,1.147,67,0,000,0,00,0,000,0,00,,,,20,Z001
8,D030,10002185,LUVA DE POLIESTER TAM.(10) AMARELA,PAR,275,000,7.243,82,0,000,0,00,0,000,0,00,,,,EPI000027,Z001
8,D030,10002187,LUVA DE PVC LONGA/ASPERA TAMANHO G 10.5,PAR,9,000,101,07,0,000,0,00,0,000,0,00,,,,EPI000030,Z001
8,D030,10002515,SAPATO VAQUETA MASC. N.44,PAR,1,000,73,13,0,000,0,00,0,000,0,00,,,,EPI000082,Z001
8,D030,10002658,PROTETOR AURICULAR PLUG (CX 100 PARES),CX,1,000,168,45,0,000,0,00,0,000,0,00,,,,EPI000047,Z001
8,D030,10002847,ARGAMASSA PRE-MIST SECA COMPOSTA 28.5 KG,un,184,000,6.860,81,0,000,0,00,0,000,0,00,,,,17,Z001
8,D030,10003069,BLUSAO MASCULINO AZUL TAM PP,un,4,000,33,44,0,000,0,00,0,000,0,00,,,,EPI000077,Z001
8,D030,10003070,BLUSAO MASCULINO C FX REFLETIVA TAM GG,un,55,000,4.604,13,0,000,0,00,0,000,0,00,,,,EPI000078,Z001
8,D030,10003071,BLUSAO MASCULINO C FX REFLETIVA TAM P,un,37,000,2.946,30,0,000,0,00,0,000,0,00,,,,EPI000078,Z001
8,D030,10003072,BLUSAO MASCULINO C FX REFLETIVA TAM XG,un,3,000,245,21,0,000,0,00,0,000,0,00,,,,EPI000078,Z001
8,D030,10003340,BOTA PVC C PALMILHA/BIQUEIRA ACO N.38,PAR,12,000,708,66,0,000,0,00,0,000,0,00,,,,EPI000006,Z001
8,D030,10003341,BOTA PVC C PALMILHA/BIQUEIRA ACO N.40,PAR,231,000,15.672,11,0,000,0,00,0,000,0,00,,,,EPI000006,Z001
8,D030,10003342,BOTA PVC C PALMILHA/BIQUEIRA ACO N.43,PAR,225,000,14.928,89,0,000,0,00,0,000,0,00,,,,EPI000006,Z001
8,D030,10003343,BOTA PVC C PALMILHA/BIQUEIRA ACO N.45,PAR,2,000,152,54,0,000,0,00,0,000,0,00,,,,EPI000006,Z001
8,D030,10003344,BOTA PVC C PALMILHA/BIQUEIRA DE ACO N.36,PAR,5,000,352,34,0,000,0,00,0,000,0,00,,,,EPI000006,Z001
8,D030,10003350,BOTA VAQUETA S/CP.MET.PRETA-517-REV5-N39,PAR,1,000,79,52,0,000,0,00,0,000,0,00,,,,EPI000009,Z001
8,D030,10003354,BOTINA SEGURANCA SEM COMP METALICOS N.36,PAR,5,000,466,03,0,000,0,00,0,000,0,00,,,,EPI000009,Z001
8,D030,10003355,BOTINA SEGURANCA SEM COMP METALICOS N.38,PAR,21,000,1.758,50,0,000,0,00,0,000,0,00,,,,EPI000009,Z001
8,D030,10003356,BOTINA SEGURANCA SEM COMP METALICOS N.40,PAR,26,000,2.253,54,0,000,0,00,0,000,0,00,,,,EPI000009,Z001
8,D030,10003357,BOTINA SEGURANCA SEM COMP METALICOS N.42,PAR,24,000,2.229,17,15,000,1.393,23,0,000,0,00,,,,EPI000009,Z001
8,D030,10003358,BOTINA SEGURANCA SEM COMP METALICOS N.45,PAR,2,000,207,79,0,000,0,00,0,000,0,00,,,,EPI000009,Z001
8,D030,10003401,CALCA DE NAILON IMPERMEAVEL TAMANHO G,un,246,000,66.187,00,0,000,0,00,0,000,0,00,,,,EPI000021,Z001
8,D030,10003402,CALCA DE NAILON IMPERMEAVEL TAMANHO P,un,4,000,572,10,0,000,0,00,0,000,0,00,,,,EPI000021,Z001
8,D030,10003403,CALCA DE NAILON IMPERMEAVEL TAMNAHO M,un,83,000,20.452,65,0,000,0,00,0,000,0,00,,,,EPI000021,Z001
8,D030,10003421,CALCA MASC AZUL C FAIXA REFLETIVA TAM M,un,215,000,20.811,46,0,000,0,00,0,000,0,00,,,,EPI000081,Z001
8,D030,10003422,CALCA MASC AZUL C FAIXA REFLETIVA TAM XG,un,87,000,8.348,21,0,000,0,00,0,000,0,00,,,,EPI000081,Z001
8,D030,10003433,CALCA SOCIAL MASCULINA AZUL TAMANHO PP,un,3,000,128,41,0,000,0,00,0,000,0,00,,,,EPI000080,Z001
8,D030,10003440,CALCADO DE VAQUETA MODELOTENIS N.38,PAR,3,000,292,20,0,000,0,00,0,000,0,00,,,,EPI000012,Z001
8,D030,10003584,CAPA NAILON IMPERMEAVEL AMARELA TAM XG,un,40,000,13.750,92,0,000,0,00,0,000,0,00,,,,EPI000013,Z001
8,D030,10003595,CAPACETE DE POLIETILENO VERMELHO,un,40,000,2.381,96,0,000,0,00,0,000,0,00,,,,EPI000014,Z001
8,D030,10003624,CARNEIRA P CAPACETE C CATRACA (PUSH-KEY),un,66,000,2.178,00,0,000,0,00,0,000,0,00,,,,EPI000014,Z001
8,D030,10003686,CAMISA M/C AZUL C FAIXA REFLETIVA TAM M,un,394,000,44.718,02,0,000,0,00,0,000,0,00,,,,EPI000084,Z001
8,D030,10003689,CAMISA MANGA COMP C FX REFLETIVA TAM GG,un,226,000,25.413,65,0,000,0,00,0,000,0,00,,,,EPI000084,Z001
8,D030,10003690,CAMISA MANGA COMP C FX REFLETIVA TAM XG,un,231,000,26.282,66,0,000,0,00,0,000,0,00,,,,EPI000084,Z001
8,D030,10003708,CAMISA SOCIAL M/C MASCULINA AZUL TAM PP,un,5,000,55,32,0,000,0,00,0,000,0,00,,,,EPI000083,Z001
8,D030,10003718,CAMISETA AZUL C FAIXA REFLETIVA TAM GG,un,0,000,0,00,15,000,1.492,70,0,000,0,00,,,,EPI000088,Z001
8,D030,10003720,CAMISETA AZUL C FAIXA REFLETIVA TAM XG,un,7,000,571,90,0,000,0,00,0,000,0,00,,,,EPI000088,Z001
8,D030,10003776,CAPA DE NAILON IMPERMEAVEL AMARELA TAM M,un,205,000,70.795,59,0,000,0,00,0,000,0,00,,,,EPI000013,Z001
8,D030,10003788,COM BIQUEIRA EM COMPOSITE - N. 37,PAR,1,000,81,00,0,000,0,00,0,000,0,00,,,,EPI000009,Z001
8,D030,10003804,CONCRETO SECO ENSACADO RAPIDISSIMO 30MPA,un,107,000,4.364,98,0,000,0,00,0,000,0,00,,,,17,Z001
8,D030,10003841,CONE PVC FLEXIVEL SINALIZACAO TAM GRANDE,un,159,000,24.801,07,0,000,0,00,0,000,0,00,,,,EPI000098,Z001
8,D030,10003851,CONTA MENS AG/ESG-CAP/INT(LASER)(AZUL)A5,MLF,22,000,772,06,0,000,0,00,0,000,0,00,,,,10,Z001
8,D030,10004009,ENVEL CARTA/OFICIO-S/END-(E)-229X114MM,un,1.000,000,191,22,0,000,0,00,0,000,0,00,,,,11,Z001
8,D030,10004166,DOSSIE CAPA P/PROCESSO(C) P11 BC12,un,600,000,277,71,0,000,0,00,0,000,0,00,,,,11,Z001
8,D030,10004349,FITA POLIETILENO SINALIZACAO LARAN/BRANC,un,38,000,3.483,77,0,000,0,00,0,000,0,00,,,,EPI000098,Z001
8,D030,10004395,JUNTA FLEXIVDN8/DEMAX325MM/DEM250MM,un,8,000,544,33,0,000,0,00,0,000,0,00,,,,20,Z001
8,D030,10004414,KIT PROTETOR TIPO CONCHA AURICULAR,un,124,000,29.249,57,0,000,0,00,0,000,0,00,,,,EPI000046,Z001
8,D030,10004467,LUVA BORRACHA NATURAL P LABOR TAMANHO G,CX,304,000,12.622,38,0,000,0,00,0,000,0,00,,,,EPI000028,Z001
8,D030,10004472,LUVA DE POLIESTER TAM.(9) AMARELA,PAR,51,000,1.029,52,0,000,0,00,0,000,0,00,,,,EPI000027,Z001
8,D030,10004473,LUVA DE PVC EXTRA LONGA/ASPERA TAMANHO G,PAR,243,000,5.340,52,0,000,0,00,0,000,0,00,,,,EPI000030,Z001
8,D030,10004475,LUVA DE PVC LONGA/ASPERA TAMANHO M  9.5,PAR,157,000,3.408,98,0,000,0,00,0,000,0,00,,,,EPI000030,Z001
8,D030,10004478,LUVA DE VAQUETA P MANOBRISTA TAM UNICO,PAR,1,000,42,68,0,000,0,00,0,000,0,00,,,,EPI000032,Z001
8,D030,10004529,JAQUETA DE NAILON IMPERMEAVEL TAMANHO GG,un,90,000,30.787,08,0,000,0,00,0,000,0,00,,,,EPI000021,Z001
8,D030,10004541,JAQUETA DE P/A C FX REFLET TAM G,un,218,000,59.735,13,0,000,0,00,0,000,0,00,,,,EPI000092,Z001
8,D030,10004542,JAQUETA DE P/A C FX REFLET TAM P,un,26,000,6.906,48,0,000,0,00,0,000,0,00,,,,EPI000092,Z001
8,D030,10004543,JAQUETA DE P/A C FX REFLET TAM XG,un,95,000,25.435,73,0,000,0,00,0,000,0,00,,,,EPI000092,Z001
8,D030,10004683,LUVA NITRILICA TAM.G 10.5 LONGA,PAR,931,000,39.757,96,0,000,0,00,0,000,0,00,,,,EPI000034,Z001
8,D030,10004684,LUVA NITRILICA TAM (P) 8.5 LONGA,PAR,8,000,310,82,0,000,0,00,0,000,0,00,,,,EPI000034,Z001
8,D030,10005018,PROTETOR FACIAL C/ VISOR INCOLOR POLICAR,un,25,000,5.094,44,0,000,0,00,0,000,0,00,,,,EPI000048,Z001
8,D030,10005021,PROTOCOLO P/PROCESSO - (B),un,6.000,000,251,61,0,000,0,00,0,000,0,00,,,,11,Z001
8,D030,10005076,RELATORIO SEM UTIL DE VEICULO-BL 50X1(D),BL,60,000,480,08,0,000,0,00,0,000,0,00,,,,11,Z001
8,D030,10005328,SAPATO VAQUETA MASC. PRETO N.39,PAR,2,000,168,56,0,000,0,00,0,000,0,00,,,,EPI000082,Z001
8,D030,10005618,BLUSAO MASCULINO C FX REFLETIVA TAM G,un,180,000,14.638,91,0,000,0,00,0,000,0,00,,,,EPI000078,Z001
8,D030,10005632,BOTA PVC C PALMILHA/BIQUEIRA ACO N.42,PAR,175,000,10.740,99,0,000,0,00,0,000,0,00,,,,EPI000006,Z001
8,D030,10005635,BOTINA SEGURANCA SEM COMP METALICOS N.44,PAR,41,000,3.662,33,0,000,0,00,0,000,0,00,,,,EPI000009,Z001
8,D030,10005695,CAMISA M/C AZUL C FAIXA REFLETIVA TAM GG,un,131,000,13.595,35,0,000,0,00,0,000,0,00,,,,EPI000084,Z001
8,D030,10005696,CAMISA MANGA COMP C FX REFLETIVA TAM P,un,5,000,588,18,0,000,0,00,0,000,0,00,,,,EPI000084,Z001
8,D030,10005701,CAMISETA AZUL C FAIXA REFLETIVA TAM G,un,52,000,4.601,61,0,000,0,00,0,000,0,00,,,,EPI000088,Z001
8,D030,10005858,JAQUETA DE P/A C FX REFLET TAM M,un,256,000,68.833,96,0,000,0,00,0,000,0,00,,,,EPI000092,Z001
8,D030,10005869,KIT LAVAGEM DESINFEC UNIFOR ESPEC SABESP,un,59,000,2.417,79,0,000,0,00,0,000,0,00,,,,EPI000106,Z001
8,D030,10005870,KIT PROTETOR DE ACRILICO INCOLOR FACIAL,un,380,000,119.054,00,0,000,0,00,0,000,0,00,,,,EPI000048,Z001
8,D030,10005882,LUVA DE RASPA DE COURO MEDIA TAM UNICO,PAR,271,000,6.693,31,0,000,0,00,0,000,0,00,,,,EPI000031,Z001
8,D030,10005915,OCULOS PARA PROTECAO DIVERSOS INCOLOR,un,18,000,1.181,37,0,000,0,00,0,000,0,00,,,,EPI000043,Z001
8,D030,10006098,AVENTAL DE RASPA S/ MANGA TAM G,un,13,000,440,18,0,000,0,00,0,000,0,00,,,,37,Z001
8,D030,10013502,CAPACETE POLIET,C/ SUSPENSAO P. KEY,AMAR,un,1,000,103,64,0,000,0,00,0,000,0,00,,,,EPI000014,Z001
8,D030,10013503,CAPACETE POLIET,C/ SUSPENSAO P. KEY,AZUL,un,2,000,109,87,0,000,0,00,0,000,0,00,,,,EPI000014,Z001
8,D030,10013504,CAPACETE POLIET,C/ SUSPENSAO P. KEY, BRA,un,9,000,592,25,0,000,0,00,0,000,0,00,,,,EPI000014,Z001
8,D030,10014709,REPARADOR ASFALTICO - SELAGEM DA BASE,KG,23.205,000,30.237,00,0,000,0,00,0,000,0,00,,,,17,Z001
8,D030,10017500,REPELENTE CONTRA INSETOS,un,0,000,0,00,11,000,199,75,0,000,0,00,,,,EPI000049,Z001
8,D030,30000001,COTOVELO 90 GR ELETROF DE 90 PE 100,un,9,000,519,23,0,000,0,00,0,000,0,00,,,,7,Z003
8,D030,30000015,REGISTRO GAVETA LG CU C/ VOLANTE DN 50,un,177,000,44.784,82,0,000,0,00,0,000,0,00,,,,45,Z003
8,D030,30000032,CAP FF DUCTIL BOLSA JE2GS DN50,un,1,000,21,15,0,000,0,00,0,000,0,00,,,,4,Z003
8,D030,30000057,EXTREMIDADE FF PONT FLG DN300 PN10 L=440,un,24,000,13.157,54,0,000,0,00,0,000,0,00,,,,4,Z003
8,D030,30000125,TUBO FF K7 PT E B JE EN 681-1 AGUA DN200,M,53,000,11.365,08,0,000,0,00,0,000,0,00,,,,4,Z003
8,D030,30000146,CONEXOES MET LIGACOES DOMICIL MACHO/ADAP,un,221,000,6.193,48,0,000,0,00,0,000,0,00,,,,29,Z003
8,D030,30000153,ABRACADEIRA INOX REPARO TUBO DN100 L=300,un,28,000,6.825,93,0,000,0,00,0,000,0,00,,,,4,Z003
8,D030,30000187,HIDRANTE COLUNA C/ BASE FLANGEADA DN 100,un,5,000,9.235,56,0,000,0,00,0,000,0,00,,,,45,Z003
8,D030,30000199,NIPLE CONICO ACO CARBONO GALV DN25 (1),un,48,000,217,92,0,000,0,00,0,000,0,00,,,,5,Z003
8,D030,30000206,REDUCAO FF PONTA BOLSA JE2GS DN150 X 75,un,7,000,689,15,0,000,0,00,0,000,0,00,,,,4,Z003
8,D030,30000249,COLARINHO DE 63 LG C/ FL SDR 11 PE100,un,14,000,1.112,69,0,000,0,00,0,000,0,00,,,,7,Z003
8,D030,30000255,ABRACADEIR FF REPARO TUBO DN400 LMIN=420,un,1,000,1.942,54,0,000,0,00,0,000,0,00,,,,4,Z003
8,D030,30000274,BUJAO (PLUG)  DN 20,un,178,000,337,38,0,000,0,00,0,000,0,00,,,,5,Z003
8,D030,30000288,COLAR TOMADA FF CINTA INOX DN75 X DNR50,un,18,000,5.201,66,0,000,0,00,0,000,0,00,,,,4,Z003
8,D030,30000324,CURVA 45GR FF BOLSAS JE2GS DN150,un,8,000,799,86,0,000,0,00,0,000,0,00,,,,4,Z003
8,D030,30000328,CURVA 90GR FF BOLSAS JE2GS DN150,un,13,000,1.643,76,0,000,0,00,0,000,0,00,,,,4,Z003
8,D030,30000357,JUNTA FLEX ESGOTO LUVA DN 200MM PVCXPVC,un,46,000,1.448,04,0,000,0,00,0,000,0,00,,,,7,Z003
8,D030,30000398,NIPLE DUPLO FERRO MALEAV GALV DN100 (4),un,1,000,49,13,0,000,0,00,0,000,0,00,,,,5,Z003
8,D030,30000443,TE 90 GR ELETROF - DE 63 PE 100,un,1,000,40,41,0,000,0,00,0,000,0,00,,,,7,Z003
8,D030,30000446,TE DE SERVICO ELETROF. - DE 250 X 32,un,303,000,60.320,42,0,000,0,00,0,000,0,00,,,,7,Z003
8,D030,30000464,TOCO FF FLANGES DN300 PN10 L=0.5M,un,2,000,2.676,02,0,000,0,00,0,000,0,00,,,,4,Z003
8,D030,30000548,BUCHA REDUCAO FERRO MALEAV GALV DN40X32,un,21,000,157,49,0,000,0,00,0,000,0,00,,,,5,Z003
8,D030,30000563,CAP FF DUCTIL BOLSA JE2GS DN100,un,7,000,345,79,0,000,0,00,0,000,0,00,,,,4,Z003
8,D030,30000575,COLAR TOMADA ACO INOX DN200A300 X DNR25,un,55,000,9.295,52,0,000,0,00,0,000,0,00,,,,4,Z003
8,D030,30000576,COLAR TOMADA FF CINTA INOX DN200 X DNR50,un,15,000,6.491,67,0,000,0,00,0,000,0,00,,,,4,Z003
8,D030,30000580,COLARINHO DE 250 LG C/ FL SDR 11 PE 100,un,51,000,34.545,42,0,000,0,00,0,000,0,00,,,,7,Z003
8,D030,30000611,JUNTA DESMON FF TRAV AXIAL DN100 PN10/16,un,1,000,405,48,0,000,0,00,0,000,0,00,,,,4,Z003
8,D030,30000631,LUVA ELETROF - DE 315 - SDR 11 - PE 100,un,194,000,45.165,99,0,000,0,00,0,000,0,00,,,,7,Z003
8,D030,30000633,LUVA FERR MALEAV GALV DN32X20(1.1/4X3/4),un,30,000,126,44,0,000,0,00,0,000,0,00,,,,5,Z003
8,D030,30000733,COTOVELO 90GR FERRO MALEAV GALV DN32X32,un,18,000,130,38,0,000,0,00,0,000,0,00,,,,5,Z003
8,D030,30000751,CURVA 45GR FF FLANGES DN80 PN10/16/25,un,2,000,224,94,0,000,0,00,0,000,0,00,,,,4,Z003
8,D030,30000757,CURVA 90GR FF BOLSAS JE2GS DN75,un,34,000,2.274,21,0,000,0,00,0,000,0,00,,,,4,Z003
8,D030,30000758,CURVA 90GR FF FLANGES DN250 PN10,un,3,000,2.692,98,0,000,0,00,0,000,0,00,,,,4,Z003
8,D030,30000776,EXTREMIDADE FF B JE2GS FLG DN100 PN10/16,un,18,000,2.459,83,0,000,0,00,0,000,0,00,,,,4,Z003
8,D030,30000777,EXTREMIDADE FF P FLG DN150 PN10/16 L=380,un,9,000,2.430,53,0,000,0,00,0,000,0,00,,,,4,Z003
8,D030,30000798,TE FF DUCTIL C/BOLSAS JE DN 150 X 100,un,5,000,296,33,0,000,0,00,0,000,0,00,,,,4,Z003
8,D030,30000802,TE FF C/FLANGES DN 80 X 80 PN 10/16/25,un,2,000,462,19,0,000,0,00,0,000,0,00,,,,4,Z003
8,D030,30000804,TE FF DUCTIL C/BOLSAS JE DN 80 X 80,un,4,000,565,30,0,000,0,00,0,000,0,00,,,,4,Z003
8,D030,30000814,TE PVC BBP JE ESGOTO DN 300 X 300,un,9,000,1.230,66,0,000,0,00,0,000,0,00,,,,7,Z003
8,D030,30000816,TE RED. ELETROF DE 200 X 90  PE 100,un,12,000,16.859,97,0,000,0,00,0,000,0,00,,,,7,Z003
8,D030,30000849,TUBO FF K7 PONTA E BOLSA JE2GS DN400,M,6,000,3.017,11,0,000,0,00,0,000,0,00,,,,4,Z003
8,D030,30000874,TUBO PEAD AG PE 100 DE 900 PN 10,M,0,000,0,00,0,000,0,00,0,000,0,00,,,,7,Z003
8,D030,30000882,UNIAO COM REGISTRO  DN 20,un,4,000,15,04,0,000,0,00,0,000,0,00,,,,7,Z003
8,D030,30000888,VALV GAV CM REV ELAST BB JE CAB FF DN150,un,5,000,2.742,03,0,000,0,00,0,000,0,00,,,,45,Z003
8,D030,30000898,OBTURADOR GUARN P/REG PRESSAO DNR 20,un,360,000,600,70,0,000,0,00,0,000,0,00,,,,45,Z003
8,D030,30000943,REDUC CONC 315X160 TERMOF. PE 100 SDR 11,un,1,000,404,21,0,000,0,00,0,000,0,00,,,,7,Z003
8,D030,30000987,TE 90 GR ELETROFUSAO DE 315 SDR11 PE100,un,7,000,19.259,63,0,000,0,00,0,000,0,00,,,,7,Z003
8,D030,30000988,TE 90 GR RED TF DE 315X160 PE100 SDR11,un,3,000,9.536,15,0,000,0,00,0,000,0,00,,,,7,Z003
8,D030,30000992,TE DE SERVICO ELETROF - DE 110 X 20,un,247,000,17.762,72,0,000,0,00,0,000,0,00,,,,7,Z003
8,D030,30001023,BUCHA REDUCAO FERRO MALEAV GALV DN32X20,un,46,000,221,35,0,000,0,00,0,000,0,00,,,,5,Z003
8,D030,30001024,BUCHA REDUCAO FERRO MALEAV GALV DN80X50,un,6,000,348,65,0,000,0,00,0,000,0,00,,,,5,Z003
8,D030,30001054,CAP FF DUCTIL BOLSA JE2GS DN250,un,9,000,1.647,60,0,000,0,00,0,000,0,00,,,,4,Z003
8,D030,30001075,COLAR TOM 80A200 MULTI FL DND 100,un,8,000,17.809,05,0,000,0,00,0,000,0,00,,,,4,Z003
8,D030,30001078,COLAR TOMADA FF C.INOX DN200A300 X DNR25,un,7,000,735,07,0,000,0,00,0,000,0,00,,,,4,Z003
8,D030,30001080,COLAR TOMADA FF CINTA INOX DN400 X DNR20,un,6,000,1.632,99,0,000,0,00,0,000,0,00,,,,4,Z003
8,D030,30001120,ABRACADEIR FF REPARO TUBO DN200 LMIN=250,un,2,000,765,76,0,000,0,00,0,000,0,00,,,,4,Z003
8,D030,30001122,ABRACADEIRA FF REPARO TUBO DN75 LMIN=150,un,79,000,14.532,44,0,000,0,00,0,000,0,00,,,,4,Z003
8,D030,30001137,ADAPTADOR PVC BOLSA P/TUBO CERAM DN 200,un,35,000,544,61,0,000,0,00,0,000,0,00,,,,7,Z003
8,D030,30001228,DE 63(PEAD) X DE 20(RAMAL PE)-ARTICULADO,un,20,000,446,19,0,000,0,00,0,000,0,00,,,,7,Z003
8,D030,30001252,EXTREMIDADE FF B JE2GS FLG DN300 PN10,un,10,000,5.020,36,0,000,0,00,0,000,0,00,,,,4,Z003
8,D030,30001254,EXTREMIDADE FF PONT FLG DN200 PN10 L=400,un,8,000,2.987,15,0,000,0,00,0,000,0,00,,,,4,Z003
8,D030,30001346,CONEXOES MET ADAP MACHO DN 20,un,1.481,000,10.405,59,0,000,0,00,0,000,0,00,,,,29,Z003
8,D030,30001359,COTOV 22.5 G ELET DE 160 -SDR 11- PE 100,un,4,000,1.320,19,0,000,0,00,0,000,0,00,,,,7,Z003
8,D030,30001526,JUNTA FF BOL VAR DIA DEMAX421 X DEMIN391,un,2,000,4.470,01,0,000,0,00,0,000,0,00,,,,4,Z003
8,D030,30001528,JUNTA FLEX ESGOTO ADAP DN 150MMX150MM,un,136,000,3.524,80,0,000,0,00,0,000,0,00,,,,7,Z003
8,D030,30001529,JUNTA FLEXI ESGOTO ADAP DN 300MMX300MM,un,13,000,769,79,0,000,0,00,0,000,0,00,,,,7,Z003
8,D030,30001544,LUVA AJUSTAV. DE 232 A 256MM TRAVA AXIAL,un,2,000,6.958,32,0,000,0,00,0,000,0,00,,,,4,Z003
8,D030,30001546,LUVA BIPARTIDA FF P/BOLSAS FF DN150,un,11,000,7.601,55,0,000,0,00,0,000,0,00,,,,4,Z003
8,D030,30001548,LUVA CORRER BB ESG DN 150 - JEI,un,105,000,2.540,76,0,000,0,00,0,000,0,00,,,,7,Z003
8,D030,30001554,LUVA CORRER FF C/BOLSAS JM DN250,un,5,000,2.423,22,0,000,0,00,0,000,0,00,,,,4,Z003
8,D030,30001561,LUVA ELETROF - DE 200 - SDR 11 - PE 100,un,27,000,2.039,48,0,000,0,00,0,000,0,00,,,,7,Z003
8,D030,30001564,LUVA FE MALEAV GALV DN40X40(1.1/2X1.1/2),un,63,000,614,49,0,000,0,00,0,000,0,00,,,,5,Z003
8,D030,30001566,LUVA FERR MALEAV GALV DN50X25 (2X1),un,26,000,339,14,0,000,0,00,0,000,0,00,,,,5,Z003
8,D030,30001567,LUVA FF PARA PVC - EN 12842 DN 100,un,5,000,436,54,0,000,0,00,0,000,0,00,,,,7,Z003
8,D030,30001591,REDUCAO CONC ELETROF - DE 250X200,un,20,000,9.686,15,0,000,0,00,0,000,0,00,,,,7,Z003
8,D030,30001602,REDUCAO FF PONTA BOLSA JE2GS DN100 X 80,un,46,000,3.704,51,0,000,0,00,0,000,0,00,,,,4,Z003
8,D030,30001605,REDUCAO FF PONTA BOLSA JE2GS DN75 X 50,un,2,000,79,66,0,000,0,00,0,000,0,00,,,,4,Z003
8,D030,30001610,REGISTRO GAVETA DN 20,un,1.520,000,30.003,08,0,000,0,00,0,000,0,00,,,,45,Z003
8,D030,30001656,SELIM 90 G PVC DN 300 X 100 ENCAIXE,un,20,000,516,41,0,000,0,00,0,000,0,00,,,,7,Z003
8,D030,30001670,TAMPAO FF DUCTIL NTS033 DN 900 RUA/ESG,un,1,000,862,10,0,000,0,00,0,000,0,00,,,,4,Z003
8,D030,30001683,TE DE SERV INTEGR ART DN 75 P/ DE 32,un,30,000,609,67,0,000,0,00,0,000,0,00,,,,7,Z003
8,D030,30001692,NIPLE DUPLO FERR MALEAV GALV DN32(1.1/4),un,103,000,446,40,0,000,0,00,0,000,0,00,,,,5,Z003
8,D030,30001848,TUBO PEAD DN 20 - PE 80 - 1.0 MPA,M,1.700,000,3.206,92,0,000,0,00,0,000,0,00,,,,7,Z003
8,D030,30001848,TUBO PEAD DN 20 - PE 80 - 1.0 MPA,M,6.000,000,15.420,00,0,000,0,00,0,000,0,00,I.a120002/0604-00210000,I.a120002/0604-00210000,Q,7,Z003
8,D030,30001857,TUBO PVC RIG PB JEI/JERI DN 75 - 1.00MPA,M,5,850,79,57,0,000,0,00,0,000,0,00,,,,7,Z003
8,D030,30001875,VALV GAV CM REV ELAST BB JE CAB FF DN 50,un,4,000,1.202,56,0,000,0,00,0,000,0,00,,,,45,Z003
8,D030,30001877,VALV GAV CM REV ELAST FL CAB DN 50,un,4,000,986,25,0,000,0,00,0,000,0,00,,,,45,Z003
8,D030,30001886,TE FERRO MALEA GALV DN32X32(1.1/4X1.1/4),un,2,000,19,07,0,000,0,00,0,000,0,00,,,,5,Z003
8,D030,30001887,TE FERRO MALEAV GALV DN25X25 (1X1),un,42,000,327,53,0,000,0,00,0,000,0,00,,,,5,Z003
8,D030,30001890,TE FF DUCTIL C/BOLSAS JE DN 200 X 150,un,4,000,1.521,34,0,000,0,00,0,000,0,00,,,,4,Z003
8,D030,30001894,TE FF DUCTIL C/BOLSAS JE DN 200 X 50,un,2,000,590,50,0,000,0,00,0,000,0,00,,,,4,Z003
8,D030,30001901,TE FF C/FLANGES DN 200 X 200 PN 10,un,1,000,667,44,0,000,0,00,0,000,0,00,,,,4,Z003
8,D030,30001925,TE PVC BBB JE ESG DN 150 X 150,un,1,000,18,59,0,000,0,00,0,000,0,00,,,,7,Z003
8,D030,30001926,TE PVC BBB JE ESG DN 300 X 100 JEI,un,10,000,1.230,28,0,000,0,00,0,000,0,00,,,,7,Z003
8,D030,30001931,TE RED. ELETROF DE 110 X 90 PE 100,un,64,000,5.388,61,0,000,0,00,0,000,0,00,,,,7,Z003
8,D030,30001933,TE SELA ELETROF DE400 X DE160 TP PONTA,un,2,000,4.291,52,0,000,0,00,0,000,0,00,,,,7,Z003
8,D030,30001981,TUBO ACO REV SHOP PRIMER 18 POL 6.35 MM,M,0,000,0,00,0,000,0,00,0,000,0,00,,,,46,Z003
8,D030,30002033,ADAPTADOR PVC CT BJS/PJR P/REG DN 25,un,38,000,39,96,0,000,0,00,0,000,0,00,,,,7,Z003
8,D030,30002076,ANEL VEDACAO P/ PVC COL ESGOTO DN 100,un,118,000,102,59,0,000,0,00,0,000,0,00,,,,7,Z003
8,D030,30002141,ABRACADEIR FF REPARO TUBO DN150 LMIN=205,un,1,000,284,04,0,000,0,00,0,000,0,00,,,,4,Z003
8,D030,30002148,ABRACADEIRA INOX REPARO TUBO DN200 L=300,un,9,000,2.507,78,0,000,0,00,0,000,0,00,,,,4,Z003
8,D030,30002194,COLAR TOM 200A400 MULTI FL DND 50,un,6,000,16.070,53,0,000,0,00,0,000,0,00,,,,4,Z003
8,D030,30002195,COLAR TOM 400A600 MULTI FL DND 80,un,5,000,17.477,25,0,000,0,00,0,000,0,00,,,,4,Z003
8,D030,30002202,COLAR TOMADA FF C.INOX DN50A150 X DNR25,un,70,000,7.180,79,0,000,0,00,0,000,0,00,,,,4,Z003
8,D030,30002204,COLAR TOMADA FF CINTA INOX DN100 X DNR50,un,12,000,3.619,35,0,000,0,00,0,000,0,00,,,,4,Z003
8,D030,30002216,COLARINHO DE 110 LG C/ FL SDR 11 PN 16,un,46,000,17.601,68,0,000,0,00,0,000,0,00,,,,7,Z003
8,D030,30002222,COLARINHO DE 315 LG COMPL SDR 11 PE 100,un,26,000,22.670,97,0,000,0,00,0,000,0,00,,,,7,Z003
8,D030,30002228,COLARINHO DE 90 LG C/ FL SDR 11 PE100,un,19,000,3.109,11,0,000,0,00,0,000,0,00,,,,7,Z003
8,D030,30002291,BUCHA REDUCAO FERRO MALEAV GALV DN100X80,un,3,000,153,00,0,000,0,00,0,000,0,00,,,,5,Z003
8,D030,30002292,BUCHA REDUCAO FERRO MALEAV GALV DN40X20,un,23,000,174,20,0,000,0,00,0,000,0,00,,,,5,Z003
8,D030,30002293,BUCHA REDUCAO FERRO MALEAV GALV DN50X32,un,32,000,389,39,0,000,0,00,0,000,0,00,,,,5,Z003
8,D030,30002352,CAP ELETROF - DE 63 - SDR 11 - PE 100,un,20,000,497,84,0,000,0,00,0,000,0,00,,,,7,Z003
8,D030,30002353,CAP FF DUCTIL BOLSA JE2GS DN150,un,5,000,327,91,0,000,0,00,0,000,0,00,,,,4,Z003
8,D030,30002355,CAP FF DUCTIL BOLSA JE2GS DN80,un,4,000,203,97,0,000,0,00,0,000,0,00,,,,4,Z003
8,D030,30002393,CONEXOES MET LIG DOMICIL MACHO 1 POL,un,279,000,7.902,92,0,000,0,00,0,000,0,00,,,,29,Z003
8,D030,30002394,CONEXOES MET LIGACOES  FEMEA DN 20,un,353,000,3.238,08,0,000,0,00,0,000,0,00,,,,29,Z003
8,D030,30002421,COTOV 45 G ELETROF DE 315 SDR 11 PE 100,un,23,000,23.168,44,0,000,0,00,0,000,0,00,,,,7,Z003
8,D030,30002424,COTOVELO 45 GR ELETROF DE 90 PE 100,un,1,000,46,54,0,000,0,00,0,000,0,00,I.AM070003/0612-00210000,I.AM070003/0612-00210000,Q,7,Z003
8,D030,30002432,COTOVELO 90GR FERRO MALEAV GALV DN25X20,un,2.022,000,12.112,80,0,000,0,00,0,000,0,00,,,,5,Z003
8,D030,30002442,CRUZETA FF DUCTIL BOLSAS JE2GS DN250X100,un,1,000,492,88,0,000,0,00,0,000,0,00,,,,4,Z003
8,D030,30002610,EXTREMIDADE FF PONT FLG DN250 PN10 L=420,un,9,000,4.732,19,0,000,0,00,0,000,0,00,,,,4,Z003
8,D030,30002629,FLANGE ACO CARB LISA DN80 FURACAO PN10,un,1,000,38,68,0,000,0,00,0,000,0,00,,,,5,Z003
8,D030,30002669,CURVA 22GR30 FF BOLSAS JE2GS DN150,un,2,000,337,89,0,000,0,00,0,000,0,00,,,,4,Z003
8,D030,30002671,CURVA 22GR30 FF BOLSAS JE2GS DN75,un,2,000,101,89,0,000,0,00,0,000,0,00,,,,4,Z003
8,D030,30002695,CURVA 45GR FF BOLSAS JE2GS DN300,un,1,000,338,43,0,000,0,00,0,000,0,00,,,,4,Z003
8,D030,30002697,CURVA 45GR FF BOLSAS JE2GS DN80,un,6,000,329,70,0,000,0,00,0,000,0,00,,,,4,Z003
8,D030,30002701,CURVA 45GR FF FLANGES DN100 PN10/16,un,1,000,175,51,0,000,0,00,0,000,0,00,,,,4,Z003
8,D030,30002704,CURVA 45GR FF FLANGES DN75 PN10/16,un,1,000,103,96,0,000,0,00,0,000,0,00,,,,4,Z003
8,D030,30002722,CURVA 90GR PVC PB ESG DN100 CTA JEI/JERI,un,100,000,908,36,0,000,0,00,0,000,0,00,,,,7,Z003
8,D030,30002727,CURVA 90GR FF BOLSAS JE2GS DN300,un,4,000,2.942,49,0,000,0,00,0,000,0,00,,,,4,Z003
8,D030,30002789,LUVA AJUSTAV. DE 198 A 226MM TRAVA AXIAL,un,2,000,5.167,05,0,000,0,00,0,000,0,00,,,,4,Z003
8,D030,30002792,LUVA AJUSTAVEL DE 72 A 87MM TRAVA AXIAL,un,2,000,2.206,21,0,000,0,00,0,000,0,00,,,,4,Z003
8,D030,30002794,LUVA BIPARTIDA FF P/BOLSAS FF DN250,un,1,000,2.172,86,0,000,0,00,0,000,0,00,,,,4,Z003
8,D030,30002795,LUVA BIPARTIDA FF P/BOLSAS FF DN50,un,7,000,2.665,02,0,000,0,00,0,000,0,00,,,,4,Z003
8,D030,30002798,LUVA CORRER BB ESG DN 200 - JEI,un,60,000,2.497,92,0,000,0,00,0,000,0,00,,,,7,Z003
8,D030,30002801,LUVA CORRER FF BOL JE 0100.450-E32 DN300,un,3,000,874,69,0,000,0,00,0,000,0,00,,,,4,Z003
8,D030,30002805,LUVA CORRER FF BOLSAS JE2GS DN80,un,46,000,2.650,00,0,000,0,00,0,000,0,00,,,,4,Z003
8,D030,30002809,LUVA CORRER FF C/BOLSAS JM DN150,un,15,000,3.545,32,0,000,0,00,0,000,0,00,,,,4,Z003
8,D030,30002810,LUVA CORRER FF C/BOLSAS JM DN350,un,7,000,6.389,66,0,000,0,00,0,000,0,00,,,,4,Z003
8,D030,30002812,LUVA CORRER FF C/BOLSAS JM DN80,un,3,000,410,42,0,000,0,00,0,000,0,00,,,,4,Z003
8,D030,30002823,LUVA ELETROF - DE 160 - SDR 11 - PE 100,un,7,000,260,55,0,000,0,00,0,000,0,00,,,,7,Z003
8,D030,30002824,LUVA ELETROF - DE 250 - SDR 11 - PE 100,un,34,000,6.038,83,0,000,0,00,0,000,0,00,,,,7,Z003
8,D030,30002826,LUVA ELETROF DE 90 SDR 11 PE 100,un,121,000,1.300,82,0,000,0,00,0,000,0,00,,,,7,Z003
8,D030,30002829,LUVA FE MALEAV GALV DN32X32(1.1/4X1.1/4),un,95,000,442,60,0,000,0,00,0,000,0,00,,,,5,Z003
8,D030,30002831,LUVA FERR MALEAV GALV DN100X100 (4X4),un,10,000,680,00,0,000,0,00,0,000,0,00,,,,5,Z003
8,D030,30002832,LUVA FERR MALEAV GALV DN25X20 (1X3/4),un,108,000,389,44,0,000,0,00,0,000,0,00,,,,5,Z003
8,D030,30002833,LUVA FERR MALEAV GALV DN40X20(1.1/2X3/4),un,53,000,469,31,0,000,0,00,0,000,0,00,,,,5,Z003
8,D030,30002834,LUVA FERR MALEAV GALV DN50X50 (2X2),un,18,000,270,45,0,000,0,00,0,000,0,00,,,,5,Z003
8,D030,30002899,HIDRANTE SUBT C/BASE FLANG DN 75 SIMPLES,un,31,000,46.318,68,0,000,0,00,0,000,0,00,,,,45,Z003
8,D030,30002951,JUNTA FF BOL VAR DIA DEMAX225 X DEMIN175,un,15,000,8.596,55,0,000,0,00,0,000,0,00,,,,4,Z003
8,D030,30002958,JUNTA FLEX ESGOTO LUVA DN 100MM PVCXPVC,un,2,000,34,44,0,000,0,00,0,000,0,00,,,,7,Z003
8,D030,30003286,NIPLE DUPLO FERR MALEAV GALV DN65(2.1/2),un,5,000,100,13,0,000,0,00,0,000,0,00,,,,5,Z003
8,D030,30003287,NIPLE DUPLO FERRO MALEAV GALV DN50 (2),un,54,000,676,01,0,000,0,00,0,000,0,00,,,,5,Z003
8,D030,30003288,NIPLE DUPLO PVC ROSQ C/SEXT DN 25,un,10,000,19,11,0,000,0,00,0,000,0,00,,,,7,Z003
8,D030,30003439,TAMPAO ARTICULADO FF DN600 RUA/AGUA,un,4,000,1.316,08,0,000,0,00,0,000,0,00,,,,4,Z003
8,D030,30003440,TAMPAO CAP FERRO MALEAVEL GALV DN20(3/4),un,6,000,13,15,0,000,0,00,0,000,0,00,,,,5,Z003
8,D030,30003442,TAMPAO FF NTS033 CX C/TAMP ART P/VALV T5,un,159,000,7.230,18,0,000,0,00,0,000,0,00,,,,4,Z003
8,D030,30003447,TE 90 GR ELETROF DE 160 PE 100,un,2,000,564,13,0,000,0,00,0,000,0,00,,,,7,Z003
8,D030,30003447,TE 90 GR ELETROF DE 160 PE 100,un,1,000,277,12,0,000,0,00,0,000,0,00,I.AM070003/0612-00210000,I.AM070003/0612-00210000,Q,7,Z003
8,D030,30003448,TE 90 GR ELETROF DE 32 - SDR 11 - PE 100,un,30,000,2.240,37,0,000,0,00,0,000,0,00,,,,7,Z003
8,D030,30003484,REDUCAO CONCE 90X63SDR 11 PN16 MPA PE100,un,3,000,283,98,0,000,0,00,0,000,0,00,,,,7,Z003
8,D030,30003501,REDUCAO FF FLANGES DN300 X 250 PN10,un,1,000,893,15,0,000,0,00,0,000,0,00,,,,4,Z003
8,D030,30003505,REDUCAO FF PONTA BOLSA JE2GS DN100 X 50,un,4,000,227,98,0,000,0,00,0,000,0,00,,,,4,Z003
8,D030,30003508,REDUCAO FF PONTA BOLSA JE2GS DN250 X 150,un,2,000,239,16,0,000,0,00,0,000,0,00,,,,4,Z003
8,D030,30003512,REDUCAO FF PONTA BOLSA JE2GS DN80 X 75,un,41,000,1.425,08,0,000,0,00,0,000,0,00,,,,4,Z003
8,D030,30003522,REGISTRO GAVETA LG CU C/ VOLANTE DN 32,un,29,000,5.199,34,0,000,0,00,0,000,0,00,,,,45,Z003
8,D030,30003524,REGISTRO MET.P/RAMAL PREDIAL DNR 25,un,71,000,5.397,92,0,000,0,00,0,000,0,00,,,,45,Z003
8,D030,30003614,TOCO FF FLANGES DN250 - AGUA,un,1,000,1.354,49,0,000,0,00,0,000,0,00,,,,4,Z003
8,D030,30003668,TE DE SERV INTEGR PAR DN 50 P/ DE 32,un,19,000,728,22,0,000,0,00,0,000,0,00,,,,7,Z003
8,D030,30003669,TE DE SERVICO ELETROF - DE 160 X 20,un,342,000,36.996,94,0,000,0,00,0,000,0,00,,,,7,Z003
8,D030,30003671,TE DE SERVICO ELETROF - DE 63 X 20,un,11,000,479,05,0,000,0,00,0,000,0,00,,,,7,Z003
8,D030,30003674,TE FERRO MALEA GALV DN65X65(2.1/2X2.1/2),un,1,000,24,79,0,000,0,00,0,000,0,00,,,,5,Z003
8,D030,30003675,TE FERRO  GALV DN 20,un,441,000,1.729,31,0,000,0,00,0,000,0,00,,,,5,Z003
8,D030,30003689,TE FF DUCTIL C/BOLSAS JE DN 150 X 80,un,10,000,1.251,37,0,000,0,00,0,000,0,00,,,,4,Z003
8,D030,30003693,TE FF DUCTIL C/BOLSAS JE DN 200 X 200,un,1,000,261,12,0,000,0,00,0,000,0,00,,,,4,Z003
8,D030,30003702,TE FF C/FLANGES DN 150 X 100 PN 10/16,un,1,000,475,70,0,000,0,00,0,000,0,00,,,,4,Z003
8,D030,30003706,TE FF C/FLANGES DN 350 X 200 PN 10,un,1,000,1.539,93,0,000,0,00,0,000,0,00,,,,4,Z003
8,D030,30003715,TE FF DUCTIL C/BOLSAS JE DN 100 X 75,un,16,000,2.475,84,0,000,0,00,0,000,0,00,,,,4,Z003
8,D030,30003716,TE FF DUCTIL C/BOLSAS JE DN 75 X 75,un,1,000,134,03,0,000,0,00,0,000,0,00,,,,4,Z003
8,D030,30003752,TE PVC BBB JE ESG DN 200 X 100,un,12,000,360,91,0,000,0,00,0,000,0,00,,,,7,Z003
8,D030,30003754,TE PVC BBB JE ESG DN 300 X 300,un,6,000,1.013,44,0,000,0,00,0,000,0,00,,,,7,Z003
8,D030,30003756,TE PVC BBP JE ESGOTO DN 200 X 200,un,9,000,280,18,0,000,0,00,0,000,0,00,,,,7,Z003
8,D030,30003766,TE RED. ELETROF DE 315 X 110 PE 100,un,8,000,23.308,78,0,000,0,00,0,000,0,00,,,,7,Z003
8,D030,30003797,TUBO PEAD AGUA DE 160 PN 12.5 SDR 11,M,2.112,000,202.947,48,0,000,0,00,0,000,0,00,,,,7,Z003
8,I030,30003797,TUBO PEAD AGUA DE 160 PN 12.5 SDR 11,M,1.788,000,171.813,49,0,000,0,00,0,000,0,00,,,,7,Z003
8,S030,30003803,TUBO PEAD PE 80 AGUA DE 400 PN12.5 SDR11,M,456,000,217.134,47,0,000,0,00,0,000,0,00,,,,7,Z003
8,D030,30003832,UNIAO P/TUBO PEAD DE 32 MM,un,15,000,84,59,0,000,0,00,0,000,0,00,,,,7,Z003
8,D030,30003852,VALV GAV CM REV ELAST BB JE CAB FF DN 80,un,7,000,2.285,45,0,000,0,00,0,000,0,00,,,,45,Z003
8,D030,30003854,VALV GAV CM REV ELAST FL CAB DN 150,un,15,000,10.203,99,0,000,0,00,0,000,0,00,,,,45,Z003
8,D030,30003855,VALV GAV CM REV ELAST FL CAB DN 350,un,1,000,5.228,36,0,000,0,00,0,000,0,00,,,,45,Z003
8,D030,30003856,VALV GAV CM REV ELAST FL CAB DN 80,un,9,000,3.914,38,0,000,0,00,0,000,0,00,,,,45,Z003
8,D030,30003897,TUBO FF K7 PONTA E BOLSA JE2GS DN500,M,0,000,0,00,0,000,0,00,0,000,0,00,,,,4,Z003
8,D030,30003962,TUBO FF K9 PONTA E BOLSA JE2GS DN100,M,78,000,22.240,87,0,000,0,00,0,000,0,00,,,,4,Z003
8,D030,30004019,VALVULA GAV MC FL VOL DN 75 NTS 063,un,1,000,428,77,0,000,0,00,0,000,0,00,,,,45,Z003
8,D030,30004041,VENTOSA FF TRIPL FUNC FLA DN 100 PN10/16,un,1,000,885,96,0,000,0,00,0,000,0,00,,,,45,Z003
8,D030,30004082,ABRACADEIR FF REPARO TUBO DN125 LMIN=180,un,11,000,2.346,64,0,000,0,00,0,000,0,00,,,,4,Z003
8,D030,30004083,ABRACADEIR FF REPARO TUBO DN175 LMIN=250,un,2,000,647,43,0,000,0,00,0,000,0,00,,,,4,Z003
8,D030,30004084,ABRACADEIR FF REPARO TUBO DN250 LMIN=350,un,3,000,1.762,29,0,000,0,00,0,000,0,00,,,,4,Z003
8,D030,30004085,ABRACADEIR FF REPARO TUBO DN350 LMIN=420,un,3,000,4.613,30,0,000,0,00,0,000,0,00,,,,4,Z003
8,D030,30004091,ABRACADEIRA FF REPARO TUBO DN50 LMIN=150,un,3,000,394,85,0,000,0,00,0,000,0,00,,,,4,Z003
8,D030,30004099,ABRACADEIRA INOX REPARO TUBO DN300 L=300,un,7,000,3.102,35,0,000,0,00,0,000,0,00,,,,4,Z003
8,D030,30004141,ANEL VEDACAO P/ PVC COL ESGOTO DN 150,un,89,000,133,55,0,000,0,00,0,000,0,00,,,,7,Z003
8,D030,30004142,ANEL VEDACAO P/ PVC COL ESGOTO DN 300,un,42,000,259,22,0,000,0,00,0,000,0,00,,,,7,Z003
8,D030,30004247,ADAPTADOR MACHO 2 POL X ADAPTADOR 63 MM,un,33,000,5.886,26,0,000,0,00,0,000,0,00,,,,29,Z003
8,D030,30004251,ADAPTADOR PVC BOLSA P/TUBO CERAM DN 150,un,49,000,856,00,0,000,0,00,0,000,0,00,,,,7,Z003
8,D030,30004253,ADAPTADOR PVC BOLSA P/TUBO CERAM DN 400,un,2,000,540,00,0,000,0,00,0,000,0,00,,,,7,Z003
8,D030,30004388,CAIXA FF TAMPA ARTICUL DES0100-450-D4 R5,un,22,000,14.003,53,0,000,0,00,0,000,0,00,,,,4,Z003
8,D030,30004403,CAP ELETROF - DE 110 - SDR 11 - PE 100,un,4,000,269,66,0,000,0,00,0,000,0,00,,,,7,Z003
8,D030,30004407,CAP FF DUCTIL BOLSA JE2GS DN200,un,4,000,1.858,06,0,000,0,00,0,000,0,00,,,,4,Z003
8,D030,30004408,CAP FF DUCTIL BOLSA JE2GS DN300,un,6,000,2.240,50,0,000,0,00,0,000,0,00,,,,4,Z003
8,D030,30004410,CAP FF DUCTIL BOLSA JE2GS DN75,un,5,000,188,24,0,000,0,00,0,000,0,00,,,,4,Z003
8,D030,30004482,BUCHA REDUCAO FERRO MALEAV GALV DN100X50,un,2,000,102,68,0,000,0,00,0,000,0,00,,,,5,Z003
8,D030,30004483,BUCHA REDUCAO FERRO MALEAV GALV DN25X20,un,634,000,2.416,39,0,000,0,00,0,000,0,00,,,,5,Z003
8,D030,30004484,BUCHA REDUCAO FERRO MALEAV GALV DN32X25,un,24,000,121,86,0,000,0,00,0,000,0,00,,,,5,Z003
8,D030,30004485,BUCHA REDUCAO FERRO MALEAV GALV DN40X25,un,75,000,678,19,0,000,0,00,0,000,0,00,,,,5,Z003
8,D030,30004486,BUCHA REDUCAO FERRO MALEAV GALV DN50X25,un,8,000,119,06,0,000,0,00,0,000,0,00,,,,5,Z003
8,D030,30004487,BUCHA REDUCAO FERRO MALEAV GALV DN50X40,un,40,000,489,14,0,000,0,00,0,000,0,00,,,,5,Z003
8,D030,30004536,COLARINHO DE 160 LG C/ FL SDR 11 PE 100,un,120,000,33.615,48,0,000,0,00,0,000,0,00,,,,7,Z003
8,D030,30004536,COLARINHO DE 160 LG C/ FL SDR 11 PE 100,un,6,000,8.392,92,0,000,0,00,0,000,0,00,I.AM070003/0612-00210000,I.AM070003/0612-00210000,Q,7,Z003
8,D030,30004539,COLARINHO DE 200 LG C/ FL SDR 11 PE 100,un,21,000,21.228,20,0,000,0,00,0,000,0,00,,,,7,Z003
8,D030,30004556,COLARINHO DE 90 LG C/ FL SDR 11 PE 100,un,4,000,685,05,0,000,0,00,0,000,0,00,,,,7,Z003
8,D030,30004688,COLAR TOM 200A400 MULTI FL DND 100,un,1,000,3.545,75,0,000,0,00,0,000,0,00,,,,4,Z003
8,D030,30004689,COLAR TOM 200A400 MULTI FL DND 80,un,2,000,5.721,49,0,000,0,00,0,000,0,00,,,,4,Z003
8,D030,30004690,COLAR TOM 400A600 MULTI FL DND 50,un,1,000,3.517,06,0,000,0,00,0,000,0,00,,,,4,Z003
8,D030,30004691,COLAR TOM 80A200 MULTI DND 80,un,4,000,7.760,74,0,000,0,00,0,000,0,00,,,,4,Z003
8,D030,30004692,COLAR TOM 80A200 MULTI FL DND 50,un,4,000,8.209,52,0,000,0,00,0,000,0,00,,,,4,Z003
8,D030,30004697,COLAR TOM P/TUBO PE DE 32 X DN 20 C/ REG,un,7,000,225,62,0,000,0,00,0,000,0,00,,,,7,Z003
8,D030,30004698,COLAR TOM PP/PVC TB PVC DN 75 DNR 20 C/I,un,2,000,5,83,0,000,0,00,0,000,0,00,,,,7,Z003
8,D030,30004700,COLAR TOMADA - NTS 177 DN 100 C/ INS MET,un,20,000,398,64,0,000,0,00,0,000,0,00,,,,7,Z003
8,D030,30004703,COLAR TOMADA FF C.INOX DN200A300 X DNR20,un,24,000,2.357,98,0,000,0,00,0,000,0,00,,,,4,Z003
8,D030,30004704,COLAR TOMADA FF C.INOX DN50A150 X DNR20,un,270,000,21.404,65,0,000,0,00,0,000,0,00,,,,4,Z003
8,D030,30004709,COLAR TOMADA FF CINTA INOX DN150 X DNR50,un,14,000,5.800,82,0,000,0,00,0,000,0,00,,,,4,Z003
8,D030,30004710,COLAR TOMADA FF CINTA INOX DN250 X DNR50,un,6,000,2.552,23,0,000,0,00,0,000,0,00,,,,4,Z003
8,D030,30004711,COLAR TOMADA FF CINTA INOX DN300 X DNR50,un,6,000,2.733,05,0,000,0,00,0,000,0,00,,,,4,Z003
8,D030,30004712,COLAR TOMADA FF CINTA INOX DN400 X DNR50,un,15,000,10.979,66,0,000,0,00,0,000,0,00,,,,4,Z003
8,D030,30004939,COTOV 22.5 G ELET DE 110 -SDR 11- PE 100,un,6,000,1.479,84,0,000,0,00,0,000,0,00,,,,7,Z003
8,D030,30004940,COTOV 45 GR ELETROF DE 110 SDR 11 PE 100,un,24,000,1.340,37,0,000,0,00,0,000,0,00,,,,7,Z003
8,D030,30004941,COTOV 45 G ELETROF DE 160 SDR 11 PE 100,un,127,000,22.079,38,0,000,0,00,0,000,0,00,,,,7,Z003
8,D030,30004942,COTOV 45 G ELETROF DE 250 SDR 11 PE 100,un,43,000,24.317,36,0,000,0,00,0,000,0,00,,,,7,Z003
8,D030,30004944,COTOV 90 G ELETROF DE 110 SDR 11 PE 100,un,10,000,546,35,0,000,0,00,0,000,0,00,,,,7,Z003
8,D030,30004945,COTOV 90 G ELETROF DE 160 SDR 11 PE 100,un,3,000,620,48,0,000,0,00,0,000,0,00,,,,7,Z003
8,D030,30004948,COTOVELO 45 G ELETROF DE 63 PE 100,un,16,000,292,66,0,000,0,00,0,000,0,00,,,,7,Z003
8,D030,30004953,COTOVELO 90 GR ELETROF DE 63 PE 100,un,3,000,77,24,0,000,0,00,0,000,0,00,,,,7,Z003
8,D030,30004953,COTOVELO 90 GR ELETROF DE 63 PE 100,un,6,000,187,56,0,000,0,00,0,000,0,00,I.AM070003/0612-00210000,I.AM070003/0612-00210000,Q,7,Z003
8,D030,30004956,COTOVELO 90 GR PVC JR DN 25 REFORC EXT,un,600,000,1.262,42,0,000,0,00,0,000,0,00,,,,7,Z003
8,D030,30004964,COTOVELO 90GR FERRO  DN 20,un,352,000,1.440,77,0,000,0,00,0,000,0,00,,,,5,Z003
8,D030,30004965,COTOVELO 90GR FERRO MALEAV GALV DN25X25,un,151,000,759,53,0,000,0,00,0,000,0,00,,,,5,Z003
8,D030,30004966,COTOVELO 90GR FERRO MALEAV GALV DN50X50,un,6,000,134,03,0,000,0,00,0,000,0,00,,,,5,Z003
8,D030,30004979,CRUZETA FF DUCTIL BOLSAS JE2GS DN100X 75,un,1,000,72,54,0,000,0,00,0,000,0,00,,,,4,Z003
8,D030,30005013,CURVA 11GR 151C/FL-DN 400 (PN-16),un,1,000,869,40,0,000,0,00,0,000,0,00,,,,4,Z003
8,D030,30005086,"CONEXOES MET DOMICIL COT 90 GR MACHO 02""",un,20,000,4.002,44,0,000,0,00,0,000,0,00,,,,29,Z003
8,D030,30005088,"CONEXOES MET LIG DOMICI FEMEA 3/4""X 32MM",un,300,000,4.526,56,0,000,0,00,0,000,0,00,,,,29,Z003
8,D030,30005090,CONEXOES METALICAS LIGACOES DOMICIL 20MM,un,420,000,42.097,76,0,000,0,00,0,000,0,00,,,,29,Z003
8,D030,30005145,CURVA 90 GR PVC PB ESG DN 100 LONGA-JEI,un,100,000,1.720,56,0,000,0,00,0,000,0,00,,,,7,Z003
8,D030,30005147,CURVA 90 GR PVC PB JE ESG DN 200 LONGA,un,2,000,220,68,0,000,0,00,0,000,0,00,,,,7,Z003
8,D030,30005148,CURVA 90 GR PVC PB JE ESG DN 300 - JEI,un,4,000,925,69,0,000,0,00,0,000,0,00,,,,7,Z003
8,D030,30005153,CURVA 90GR FF BOLSAS JE2GS DN100,un,15,000,982,90,0,000,0,00,0,000,0,00,,,,4,Z003
8,D030,30005154,CURVA 90GR FF BOLSAS JE2GS DN250,un,4,000,1.433,54,0,000,0,00,0,000,0,00,,,,4,Z003
8,D030,30005156,CURVA 90GR FF BOLSAS JE2GS DN50,un,2,000,89,34,0,000,0,00,0,000,0,00,,,,4,Z003
8,D030,30005158,CURVA 90GR FF BOLSAS JE2GS DN80,un,12,000,1.047,69,0,000,0,00,0,000,0,00,,,,4,Z003
8,D030,30005178,CURVA 90GR MACHO FERRO DN 20,un,6,000,45,92,0,000,0,00,0,000,0,00,,,,5,Z003
8,D030,30005238,CURVA 22GR30 FF BOLSAS JE2GS DN100,un,7,000,669,67,0,000,0,00,0,000,0,00,,,,4,Z003
8,D030,30005243,CURVA 22GR30 FF BOLSAS JE ESG DN80,un,2,000,151,01,0,000,0,00,0,000,0,00,,,,4,Z003
8,D030,30005282,CURVA 45GR PVC CTA PB ESG DN100 JEI/JERI,un,370,000,2.463,22,0,000,0,00,0,000,0,00,,,,7,Z003
8,D030,30005283,CURVA 45 GR PVC PB JE ESG DN 150,un,79,000,2.016,52,0,000,0,00,0,000,0,00,,,,7,Z003
8,D030,30005284,CURVA 45 GR PVC PB JE ESG DN 200 - JEI,un,36,000,2.596,98,0,000,0,00,0,000,0,00,,,,7,Z003
8,D030,30005289,CURVA 45GR FF BOLSAS JE2GS DN100,un,8,000,564,15,0,000,0,00,0,000,0,00,,,,4,Z003
8,D030,30005290,CURVA 45GR FF BOLSAS JE2GS DN250,un,3,000,714,57,0,000,0,00,0,000,0,00,,,,4,Z003
8,D030,30005292,CURVA 45GR FF BOLSAS JE2GS DN50,un,8,000,297,68,0,000,0,00,0,000,0,00,,,,4,Z003
8,D030,30005294,CURVA 45GR FF BOLSAS JE2GS DN75,un,9,000,50,07,0,000,0,00,0,000,0,00,,,,4,Z003
8,D030,30005303,CURVA 45GR FF FLANGES DN150 PN10/16,un,1,000,308,92,0,000,0,00,0,000,0,00,,,,4,Z003
8,D030,30005304,CURVA 45GR FF FLANGES DN200 PN16,un,1,000,297,92,0,000,0,00,0,000,0,00,,,,4,Z003
8,D030,30005350,FITA TEFLON,un,2,000,6,61,0,000,0,00,0,000,0,00,,,,7,Z003
8,D030,30005357,FLANGE ACO C LISA DN150 FURACAO PN10/16,un,6,000,2.937,84,0,000,0,00,0,000,0,00,,,,5,Z003
8,D030,30005509,EXTREMIDAD FF P FLG DN50 PN10/16/25 L340,un,10,000,1.149,52,0,000,0,00,0,000,0,00,,,,4,Z003
8,D030,30005510,EXTREMIDADE FF B JE2GS FLG DN200 PN10,un,4,000,1.226,13,0,000,0,00,0,000,0,00,,,,4,Z003
8,D030,30005511,EXTREMIDADE FF B JE2GS FLG DN250 PN10,un,6,000,2.626,47,0,000,0,00,0,000,0,00,,,,4,Z003
8,D030,30005517,EXTREMIDADE FF P FLG DN100 PN10/16 L=360,un,28,000,4.104,03,0,000,0,00,0,000,0,00,,,,4,Z003
8,D030,30005519,EXTREMIDADE FF P FLG DN80 PN10/16 L=350,un,54,000,6.065,87,0,000,0,00,0,000,0,00,,,,4,Z003
8,D030,30005522,EXTREMIDADE FF PONT FLG DN400 PN10 L=480,un,2,000,2.642,55,0,000,0,00,0,000,0,00,,,,4,Z003
8,D030,30005601,JUNTA FF BOL VAR DIA DEMAX150 X DEMIN100,un,40,000,12.982,80,0,000,0,00,0,000,0,00,,,,4,Z003
8,D030,30005602,JUNTA FF BOL VAR DIA DEMAX200 X DEMIN150,un,53,000,19.635,72,0,000,0,00,0,000,0,00,,,,4,Z003
8,D030,30005604,JUNTA FF BOL VAR DIA DEMAX275 X DEMIN225,un,13,000,6.718,69,0,000,0,00,0,000,0,00,,,,4,Z003
8,D030,30005605,JUNTA FF BOL VAR DIA DEMAX325 X DEMIN275,un,24,000,14.287,98,0,000,0,00,0,000,0,00,,,,4,Z003
8,D030,30005606,JUNTA FF BOL VAR DIA DEMAX350 X DEMIN300,un,4,000,3.578,53,0,000,0,00,0,000,0,00,,,,4,Z003
8,D030,30005607,JUNTA FF BOL VAR DIA DEMAX408 X DEMIN378,un,2,000,3.128,39,0,000,0,00,0,000,0,00,,,,4,Z003
8,D030,30005611,JUNTA FF BOLS VAR DIA DEMAX100 X DEMIN50,un,71,000,22.479,89,0,000,0,00,0,000,0,00,,,,4,Z003
8,D030,30005611,JUNTA FF BOLS VAR DIA DEMAX100 X DEMIN50,un,130,000,44.655,00,0,000,0,00,0,000,0,00,I.a120002/0604-00210000,I.a120002/0604-00210000,Q,4,Z003
8,D030,30005612,JUNTA FF BOLS VAR DIA DEMAX125 X DEMIN75,un,6,000,1.558,50,0,000,0,00,0,000,0,00,,,,4,Z003
8,D030,30005616,JUNTA FLEX ESGOTO ADAP DN 250MMX250MM,un,10,000,863,88,0,000,0,00,0,000,0,00,,,,7,Z003
8,D030,30005618,JUNTA FLEX ESGOTO LUVA DN350MM PVCXPVC,un,1,000,139,18,0,000,0,00,0,000,0,00,,,,7,Z003
8,D030,30005619,JUNTA FLEX P ESGOTO ADAP DN 200MMX200MM,un,205,000,6.458,43,0,000,0,00,0,000,0,00,,,,7,Z003
8,D030,30005746,LUVA ELETROF - DE 110 - SDR 11 - PE 100,un,164,000,3.601,57,0,000,0,00,0,000,0,00,,,,7,Z003
8,D030,30005747,LUVA ELETROF - DE 20 - SDR 11 - PE 100,un,116,000,494,72,0,000,0,00,0,000,0,00,,,,7,Z003
8,D030,30005747,LUVA ELETROF - DE 20 - SDR 11 - PE 100,un,400,000,1.720,00,0,000,0,00,0,000,0,00,I.AM070003/0612-00210000,I.AM070003/0612-00210000,Q,7,Z003
8,D030,30005749,LUVA ELETROF - DE 280 - SDR 11 - PE 100,un,2,000,455,14,0,000,0,00,0,000,0,00,,,,7,Z003
8,D030,30005750,LUVA ELETROF - DE 32 - SDR 11 - PE 100,un,1.584,000,7.100,61,0,000,0,00,0,000,0,00,,,,7,Z003
8,D030,30005751,LUVA ELETROF - DE 400 - SDR 11 - PE 100,un,2,000,2.161,28,0,000,0,00,0,000,0,00,,,,7,Z003
8,D030,30005752,LUVA ELETROF - DE 63 - SDR 11 - PE 100,un,11,000,110,50,0,000,0,00,0,000,0,00,,,,7,Z003
8,D030,30005764,LUVA FERR GALV DN 20,un,494,000,1.888,01,0,000,0,00,0,000,0,00,,,,5,Z003
8,D030,30005765,LUVA FERR MALEAV GALV DN25X25 (1X1),un,302,000,1.427,90,0,000,0,00,0,000,0,00,,,,5,Z003
8,D030,30005766,LUVA FERR MALEAV GALV DN32X25 (1.1/4X1),un,26,000,226,79,0,000,0,00,0,000,0,00,,,,5,Z003
8,D030,30005767,LUVA FERR MALEAV GALV DN40X25 (1.1/2X1),un,74,000,793,02,0,000,0,00,0,000,0,00,,,,5,Z003
8,D030,30005768,LUVA FERR MALEAV GALV DN50X32 (2X1.1/4),un,43,000,718,35,0,000,0,00,0,000,0,00,,,,5,Z003
8,D030,30005769,LUVA FERR MALEAV GALV DN80X80 (3X3),un,6,000,227,72,0,000,0,00,0,000,0,00,,,,5,Z003
8,D030,30005788,LUVA PVC ROSQUEADA DN 25 (DR 20 MM),un,40,000,144,75,0,000,0,00,0,000,0,00,,,,7,Z003
8,D030,30005876,LUVA AJUSTAV. DE 108 A 130MM TRAVA AXIAL,un,4,000,3.857,22,0,000,0,00,0,000,0,00,,,,4,Z003
8,D030,30005877,LUVA AJUSTAV. DE 133 A 154MM TRAVA AXIAL,un,2,000,3.038,72,0,000,0,00,0,000,0,00,,,,4,Z003
8,D030,30005884,LUVA AJUSTAVEL DE 57 A 70MM TRAVA AXIAL,un,2,000,1.419,38,0,000,0,00,0,000,0,00,,,,4,Z003
8,D030,30005886,LUVA AJUSTAVEL DE 86 A 104MM TRAVA AXIAL,un,4,000,4.589,90,0,000,0,00,0,000,0,00,,,,4,Z003
8,D030,30005887,LUVA BIPARTIDA FF P/BOLSAS FF DN100,un,11,000,5.638,20,0,000,0,00,0,000,0,00,,,,4,Z003
8,D030,30005888,LUVA BIPARTIDA FF P/BOLSAS FF DN200,un,8,000,6.734,88,0,000,0,00,0,000,0,00,,,,4,Z003
8,D030,30005889,LUVA BIPARTIDA FF P/BOLSAS FF DN300,un,2,000,6.151,94,0,000,0,00,0,000,0,00,,,,4,Z003
8,D030,30005897,LUVA CORRER BB ESG DN 250 - JE,un,4,000,200,00,0,000,0,00,0,000,0,00,,,,7,Z003
8,D030,30005900,LUVA CORRER FF BOL JE 0100.450-E32 DN100,un,11,000,1.088,76,0,000,0,00,0,000,0,00,,,,4,Z003
8,D030,30005901,LUVA CORRER FF BOL JE 0100.450-E32 DN150,un,9,000,1.224,48,0,000,0,00,0,000,0,00,,,,4,Z003
8,D030,30005902,LUVA CORRER FF BOL JE 0100.450-E32 DN250,un,11,000,2.313,50,0,000,0,00,0,000,0,00,,,,4,Z003
8,D030,30005906,LUVA CORRER FF BOLSAS JE2GS DN100,un,8,000,614,49,0,000,0,00,0,000,0,00,,,,4,Z003
8,D030,30005907,LUVA CORRER FF BOLSAS JE2GS DN200,un,4,000,578,76,0,000,0,00,0,000,0,00,,,,4,Z003
8,D030,30005908,LUVA CORRER FF BOLSAS JE2GS DN300,un,2,000,657,03,0,000,0,00,0,000,0,00,,,,4,Z003
8,D030,30005917,LUVA CORRER FF C/BOLSAS JM DN100,un,81,000,13.462,45,0,000,0,00,0,000,0,00,,,,4,Z003
8,D030,30005919,LUVA CORRER FF C/BOLSAS JM DN200,un,10,000,3.116,72,0,000,0,00,0,000,0,00,,,,4,Z003
8,D030,30005920,LUVA CORRER FF C/BOLSAS JM DN300,un,5,000,2.886,51,0,000,0,00,0,000,0,00,,,,4,Z003
8,D030,30005924,LUVA CORRER FF C/BOLSAS JM DN75,un,1,000,186,26,0,000,0,00,0,000,0,00,,,,4,Z003
8,D030,30005931,LUVA CORRER PVC BB JE DN 50,un,20,000,219,22,0,000,0,00,0,000,0,00,,,,7,Z003
8,D030,30006463,NIPLE CONICO ACO CARBON GALV DN32(1.1/4),un,27,000,164,20,0,000,0,00,0,000,0,00,,,,5,Z003
8,D030,30006465,NIPLE CONICO GALV DN 20,un,48,000,179,26,0,000,0,00,0,000,0,00,,,,5,Z003
8,D030,30006472,NIPLE DUPLO FERR MALEAV GALV DN40(1.1/2),un,17,000,125,96,0,000,0,00,0,000,0,00,,,,5,Z003
8,D030,30006474,NIPLE DUPLO FERRO MALEAV GALV DN25 (1),un,60,000,245,50,0,000,0,00,0,000,0,00,,,,5,Z003
8,D030,30006475,NIPLE DUPLO FERRO MALEAV GALV DN80 (3),un,2,000,61,72,0,000,0,00,0,000,0,00,,,,5,Z003
8,D030,30006741,REGISTRO PVC  MARROM  DN 20 MM,un,70,000,922,23,0,000,0,00,0,000,0,00,,,,45,Z003
8,D030,30006744,REGISTRO GAVETA LG CU C/ VOLANTE DN 25,un,181,000,12.790,73,0,000,0,00,0,000,0,00,,,,45,Z003
8,D030,30006745,REGISTRO GAVETA LG CU C/ VOLANTE DN 40,un,36,000,5.566,47,0,000,0,00,0,000,0,00,,,,45,Z003
8,D030,30006747,REGISTRO METALICO RAMAL PREDIAL DN 20,un,3.855,000,46.192,48,0,000,0,00,0,000,0,00,,,,45,Z003
8,D030,30006751,REGSITRO DE GAVETA BRUTO. 1.1/4 DE POL.,un,15,000,1.004,00,0,000,0,00,0,000,0,00,,,,29,Z003
8,D030,30006867,REDUCAO CONC ELETROF - DE 250 X 160,un,5,000,2.759,43,0,000,0,00,0,000,0,00,,,,7,Z003
8,D030,30006868,REDUCAO CONC ELETROF - DE 32 X 20,un,47,000,2.829,87,0,000,0,00,0,000,0,00,,,,7,Z003
8,D030,30006869,REDUCAO CONCE DE 110XDE63 SDR 11 PE 100,un,21,000,2.360,57,0,000,0,00,0,000,0,00,,,,7,Z003
8,D030,30006898,REDUCAO FF FLANGES DN150 X 80 PN10/16,un,2,000,629,39,0,000,0,00,0,000,0,00,,,,4,Z003
8,D030,30006899,REDUCAO FF FLANGES DN200 X 100 PN16,un,2,000,1.046,08,0,000,0,00,0,000,0,00,,,,4,Z003
8,D030,30006911,REDUCAO FF PONTA BOLSA JE2GS DN100 X 75,un,10,000,765,52,0,000,0,00,0,000,0,00,,,,4,Z003
8,D030,30006912,REDUCAO FF PONTA BOLSA JE2GS DN150 X 100,un,7,000,467,55,0,000,0,00,0,000,0,00,,,,4,Z003
8,D030,30006914,REDUCAO FF PONTA BOLSA JE2GS DN200 X 100,un,5,000,504,01,0,000,0,00,0,000,0,00,,,,4,Z003
8,D030,30006979,TAMPAO ARTICULADO FF DN600 RUA/ESG,un,655,000,181.005,97,0,000,0,00,0,000,0,00,,,,4,Z003
8,D030,30006981,TAMPAO CAP FERRO MALEAVEL GALV DN25(1),un,14,000,58,01,0,000,0,00,0,000,0,00,,,,5,Z003
8,D030,30006983,TAMPAO FF DUCTIL - NTS 033 DN 200,un,93,000,8.827,87,0,000,0,00,0,000,0,00,,,,4,Z003
8,D030,30006984,TAMPAO FF DUCTIL NTS033 DN 900 RUA/AGUA,un,18,000,16.034,35,0,000,0,00,0,000,0,00,,,,4,Z003
8,D030,30006995,TE 90 GR ELETROF DE 200 PE 100,un,1,000,826,53,0,000,0,00,0,000,0,00,,,,7,Z003
8,D030,30006996,TE 90 GR ELETROF DE 250 PE 100,un,1,000,764,60,0,000,0,00,0,000,0,00,,,,7,Z003
8,D030,30006997,TE 90 GR ELETROF DE 90 - SDR 11 - PE 100,un,3,000,169,41,0,000,0,00,0,000,0,00,,,,7,Z003
8,D030,30007005,TE 90 GR RED TF DE 315X110 PE100 SDR11,un,2,000,3.839,56,0,000,0,00,0,000,0,00,,,,7,Z003
8,D030,30007034,TE DE SERV INTEGR ART DN 50 P/ DE 20,un,44,000,662,77,0,000,0,00,0,000,0,00,,,,7,Z003
8,D030,30007132,SELIM AJUST TUBO PVC E CER DN 150X100,un,74,000,8.752,86,0,000,0,00,0,000,0,00,,,,7,Z003
8,D030,30007166,TE FF TRI FL DN200X75 PN10/16 LMIN=250,un,1,000,100,06,0,000,0,00,0,000,0,00,,,,4,Z003
8,D030,30007195,TE PP P/TUBO PEAD DE 32 X 32 MM,un,3,000,45,75,0,000,0,00,0,000,0,00,,,,7,Z003
8,D030,30007203,TE PVC BBB JE ESG DN 150 X 100- JEI/JERI,un,31,000,704,02,0,000,0,00,0,000,0,00,,,,7,Z003
8,D030,30007205,TE PVC BBB JE ESG DN 200 X 150,un,20,000,922,95,0,000,0,00,0,000,0,00,,,,7,Z003
8,D030,30007208,TE PVC BBB JE ESG DN 300 X 150,un,20,000,2.735,68,0,000,0,00,0,000,0,00,,,,7,Z003
8,D030,30007212,TE PVC BBP JE ESGOTO DN 150 X 150,un,5,000,104,54,0,000,0,00,0,000,0,00,,,,7,Z003
8,D030,30007217,TE PVC JS DN 25X25,un,22,000,271,33,0,000,0,00,0,000,0,00,,,,7,Z003
8,D030,30007227,TE RED. ELETROF DE 110 X 63 PE 100,un,43,000,3.390,58,0,000,0,00,0,000,0,00,,,,7,Z003
8,D030,30007228,TE RED. ELETROF DE 160 X 110 PE 100,un,2,000,621,06,0,000,0,00,0,000,0,00,,,,7,Z003
8,D030,30007228,TE RED. ELETROF DE 160 X 110 PE 100,un,2,000,554,92,0,000,0,00,0,000,0,00,I.AM070003/0612-00210000,I.AM070003/0612-00210000,Q,7,Z003
8,D030,30007229,TE RED. ELETROF DE 160 X 90 PE 100,un,1,000,266,33,0,000,0,00,0,000,0,00,I.AM070003/0612-00210000,I.AM070003/0612-00210000,Q,7,Z003
8,D030,30007231,TE RED. ELETROF DE 250 X 110 PE 100,un,1,000,795,58,0,000,0,00,0,000,0,00,,,,7,Z003
8,D030,30007235,TE DE SERV INTEGR ART DN 75 P/ DE 20,un,65,000,948,15,0,000,0,00,0,000,0,00,,,,7,Z003
8,D030,30007236,FE -TE SERV INTEGR PAR DN 50 P/DE 20,un,10,000,324,84,0,000,0,00,0,000,0,00,,,,7,Z003
8,D030,30007237,FE - TE SERV INTEGR PAR DN 75 P/DE 20,un,15,000,719,41,0,000,0,00,0,000,0,00,,,,7,Z003
8,D030,30007239,TE DE SERVICO ELETROF - DE 160 X 32,un,311,000,35.542,00,0,000,0,00,0,000,0,00,,,,7,Z003
8,D030,30007241,TE DE SERVICO ELETROF - DE 250 X 20,un,218,000,45.111,37,0,000,0,00,0,000,0,00,,,,7,Z003
8,D030,30007242,TE DE SERVICO ELETROF - DE 32 X 20,un,6,000,958,45,0,000,0,00,0,000,0,00,,,,7,Z003
8,D030,30007248,TE FERRO MALEA GALV DN40X40(1.1/2X1.1/2),un,17,000,310,11,0,000,0,00,0,000,0,00,,,,5,Z003
8,D030,30007252,TE FERRO MALEAV GALV DN50X50 (2X2),un,6,000,164,42,0,000,0,00,0,000,0,00,,,,5,Z003
8,D030,30007278,TE FF DUCTIL C/BOLSAS JE DN 150 X 150,un,1,000,164,58,0,000,0,00,0,000,0,00,,,,4,Z003
8,D030,30007279,TE FF DUCTIL C/BOLSAS JE DN 200 X 100,un,1,000,412,83,0,000,0,00,0,000,0,00,,,,4,Z003
8,D030,30007286,TE FF DUCTIL C/BOLSAS JE DN 150 X 75,un,5,000,1.073,38,0,000,0,00,0,000,0,00,,,,4,Z003
8,D030,30007287,TE FF DUCTIL C/BOLSAS JE DN 250 X 100,un,1,000,380,09,0,000,0,00,0,000,0,00,,,,4,Z003
8,D030,30007290,TE FF DUCTIL C/BOLSAS JE DN 300 X 150,un,1,000,657,99,0,000,0,00,0,000,0,00,,,,4,Z003
8,D030,30007303,TE FF C/FLANGES DN 100 X 100 PN 10/16,un,3,000,901,09,0,000,0,00,0,000,0,00,,,,4,Z003
8,D030,30007304,TE FF C/FLANGES DN 100 X 80 PN 10/16,un,2,000,563,06,0,000,0,00,0,000,0,00,,,,4,Z003
8,D030,30007307,TE FF C/FLANGES DN 200 X 150 PN 10,un,1,000,671,37,0,000,0,00,0,000,0,00,,,,4,Z003
8,D030,30007331,TE FF DUCTIL C/BOLSAS JE DN 100 X 80,un,12,000,1.158,70,0,000,0,00,0,000,0,00,,,,4,Z003
8,D030,30007529,TOCO FF FLANGES DN300 PN10,M,2,000,2.561,32,0,000,0,00,0,000,0,00,,,,4,Z003
8,D030,30007626,TUBO FF K9 PONTA E BOLSA JE2GS DN300,M,10,000,2.644,44,0,000,0,00,0,000,0,00,,,,4,Z003
8,D030,30007628,TUBO FF K9 PONTA E BOLSA JE2GS DN80,M,36,000,8.865,64,0,000,0,00,0,000,0,00,,,,4,Z003
8,D030,30007692,TUBO FF K7 PONTA E BOLSA JE2GS DN250,M,18,000,5.134,26,0,000,0,00,0,000,0,00,,,,4,Z003
8,D030,30007693,TUBO FF K7 PONTA E BOLSA JE2GS DN350,M,16,600,6.747,41,0,000,0,00,0,000,0,00,,,,4,Z003
8,D030,30007697,TUBO FF K7 PT E B JE EN 681-1 AGUA DN150,M,112,300,16.471,20,0,000,0,00,0,000,0,00,,,,4,Z003
8,D030,30007737,TUBO PVC RIG PP JR DN 25 (DR 20 MM),M,276,000,962,22,0,000,0,00,0,000,0,00,,,,7,Z003
8,D030,30007764,UNIAO P/TUBO PEAD DE 20 MM 1 EXTR CAP,un,30,000,65,57,0,000,0,00,0,000,0,00,,,,7,Z003
8,D030,30007765,UNIAO P/TUBO PEAD DE 32 MM 1 EXTR CAP,un,4,000,25,36,0,000,0,00,0,000,0,00,,,,7,Z003
8,D030,30007804,VALV GAV CM REV ELAST BB JE CAB FF DN 75,un,18,000,5.522,19,0,000,0,00,0,000,0,00,,,,45,Z003
8,D030,30007805,VALV GAV CM REV ELAST BB JE CAB FF DN100,un,10,000,4.035,60,0,000,0,00,0,000,0,00,,,,45,Z003
8,D030,30007806,VALV GAV CM REV ELAST BB JE CAB FF DN250,un,4,000,4.640,04,0,000,0,00,0,000,0,00,,,,45,Z003
8,D030,30007808,VALV GAV CM REV ELAST FL CAB DN 100,un,55,000,28.771,14,0,000,0,00,0,000,0,00,,,,45,Z003
8,D030,30007809,VALV GAV CM REV ELAST FL CAB DN 200 PN10,un,7,000,7.791,98,0,000,0,00,0,000,0,00,,,,45,Z003
8,D030,30007810,VALV GAV CM REV ELAST FL CAB DN 300 PN10,un,1,000,2.174,56,0,000,0,00,0,000,0,00,,,,45,Z003
8,D030,30007811,VALV GAV CM REV ELAST FL CAB DN 400,un,1,000,6.408,82,0,000,0,00,0,000,0,00,,,,45,Z003
8,D030,30007820,VALV GAV CM REV ELASTBB JE CAB FF DN300,un,4,000,7.320,45,0,000,0,00,0,000,0,00,,,,45,Z003
8,D030,30007896,TUBO PEAD DN 32 - PE 80 - 1.0 MPA,M,400,000,1.359,35,0,000,0,00,0,000,0,00,,,,7,Z003
8,D030,30007904,TUBO PEAD PE 80 AGUA DE 200 PN12.5 SDR11,M,432,000,66.822,33,0,000,0,00,0,000,0,00,,,,7,Z003
8,I030,30007904,TUBO PEAD PE 80 AGUA DE 200 PN12.5 SDR11,M,504,000,77.959,39,0,000,0,00,0,000,0,00,,,,7,Z003
8,D030,30007905,TUBO PEAD PE 80 AGUA DE 250 PN12.5 SDR11,M,580,100,108.265,47,0,000,0,00,0,000,0,00,,,,7,Z003
8,I030,30007905,TUBO PEAD PE 80 AGUA DE 250 PN12.5 SDR11,M,485,000,90.516,73,0,000,0,00,0,000,0,00,,,,7,Z003
8,S030,30007905,TUBO PEAD PE 80 AGUA DE 250 PN12.5 SDR11,M,1.416,000,264.271,52,0,000,0,00,0,000,0,00,,,,7,Z003
8,D030,30007943,VALVULA GAV MO FL CAB P/FF DN 700,un,0,000,0,00,0,000,0,00,0,000,0,00,,,,45,Z003
8,D030,30007986,VENTOSA SIMPL FUN AUTOM DN 25-ROSC-PN25,un,10,000,7.341,74,0,000,0,00,0,000,0,00,I.a120002/0604-00210000,I.a120002/0604-00210000,Q,45,Z003
8,D030,30008103,ABRACADEIR FF REPARO TUBO DN100 LMIN=150,un,74,000,13.346,12,0,000,0,00,0,000,0,00,,,,4,Z003
8,D030,30008106,ABRACADEIRA INOX REPARO TUBO DN250 L=300,un,4,000,1.680,64,0,000,0,00,0,000,0,00,,,,4,Z003
8,D030,30008162,BUJAO (PLUG) FERRO MALEAVEL GALV DN 25,un,41,000,98,53,0,000,0,00,0,000,0,00,,,,5,Z003
8,D030,30008200,COLAR TOM 400A600 MULTI FL DND 150,un,1,000,3.827,13,0,000,0,00,0,000,0,00,,,,4,Z003
8,D030,30008202,COLAR TOM PP/PVC TB PVC DN 50 DNR 20 S/I,un,14,000,12,76,0,000,0,00,0,000,0,00,,,,7,Z003
8,D030,30008275,CONEXOES MET LIGACOES DOMICIL NIAO 32 MM,un,262,000,23.211,63,0,000,0,00,0,000,0,00,,,,29,Z003
8,D030,30008312,CURVA 45GR FF BOLSAS JE2GS DN200,un,6,000,1.145,67,0,000,0,00,0,000,0,00,,,,4,Z003
8,D030,30008322,CURVA 90 GR PVC PB JE ESG DN 150 LONGA,un,137,000,4.811,19,0,000,0,00,0,000,0,00,,,,7,Z003
8,D030,30008324,CURVA 90GR FF BOLSAS JE DN200,un,3,000,450,62,0,000,0,00,0,000,0,00,,,,4,Z003
8,D030,30008335,CURVA90 FF FLG DISS DN100 HIDR COL DN100,un,4,000,1.962,22,0,000,0,00,0,000,0,00,,,,4,Z003
8,D030,30008353,EXTREMIDADE FF B JE2GS FLG DN150 PN10/16,un,20,000,4.327,35,0,000,0,00,0,000,0,00,,,,4,Z003
8,D030,30008355,EXTREMIDADE FF PONT FLG DN350 PN10 L=460,un,6,000,8.775,85,0,000,0,00,0,000,0,00,,,,4,Z003
8,D030,30008409,JUNTA FF BOL VAR DIA DEMAX175 X DEMIN125,un,13,000,5.742,78,0,000,0,00,0,000,0,00,,,,4,Z003
8,D030,30008418,LAJE CONCRETO 350X350X110 C/TAMPAO T5,un,10,000,498,95,0,000,0,00,0,000,0,00,,,,8,Z003
8,D030,30008425,LUVA BIPARTIDA FF P/BOLSAS FF DN 400,un,1,000,4.371,24,0,000,0,00,0,000,0,00,,,,4,Z003
8,D030,30008427,LUVA CORRER BB ESG DN 300 - JEI,un,16,000,2.512,26,0,000,0,00,0,000,0,00,,,,7,Z003
8,D030,30008428,LUVA CORRER FF BOL JE 0100.450-E32 DN75,un,2,000,155,45,0,000,0,00,0,000,0,00,,,,4,Z003
8,D030,30008431,LUVA CORRER FF C/BOLSAS JM DN50,un,3,000,689,10,0,000,0,00,0,000,0,00,,,,4,Z003
8,D030,30008535,NIPLE DUPLO  GALV DN 20,un,224,000,600,95,0,000,0,00,0,000,0,00,,,,5,Z003
8,D030,30008609,REDUCAO CONC ELETROF - DE 160 X 90,un,2,000,301,53,0,000,0,00,0,000,0,00,,,,7,Z003
8,D030,30008618,REDUCAO FF PONTA BOLSA JE2GS DN150 X 80,un,20,000,2.212,69,0,000,0,00,0,000,0,00,,,,4,Z003
8,D030,30008625,REGISTRO METALICO PRESSAO DN 20,un,315,000,4.306,92,0,000,0,00,0,000,0,00,,,,45,Z003
8,D030,30008671,TE 90 GR ELETROF DE 110 PE 100,un,55,000,5.531,35,0,000,0,00,0,000,0,00,,,,7,Z003
8,D030,30008671,TE 90 GR ELETROF DE 110 PE 100,un,11,000,1.377,42,0,000,0,00,0,000,0,00,I.AM070003/0612-00210000,I.AM070003/0612-00210000,Q,7,Z003
8,D030,30008677,TE DE SERV INTEGR ART DN 100 P/ DE 32,un,12,000,337,39,0,000,0,00,0,000,0,00,,,,7,Z003
8,D030,30008678,TE DE SERVICO ELETROF - DE 110 X 32,un,1.003,000,72.133,25,0,000,0,00,0,000,0,00,,,,7,Z003
8,D030,30008681,TE FERRO MALEAV GALV DN80X80 (3X3),un,2,000,374,76,0,000,0,00,0,000,0,00,,,,5,Z003
8,D030,30008683,TE FF BOLSA JE2GS FLG DN150X75 PN10/16,un,1,000,209,93,0,000,0,00,0,000,0,00,,,,4,Z003
8,D030,30008695,TE FF DUCTIL C/BOLSAS JE DN 100 X 100,un,9,000,979,73,0,000,0,00,0,000,0,00,,,,4,Z003
8,D030,30008715,TE RED. ELETROF DE 90 X 63 PE 100,un,81,000,9.807,63,0,000,0,00,0,000,0,00,,,,7,Z003
8,D030,30008808,TUBO PEAD AG PE 80 DE 110 PN 12.5,M,200,000,10.734,59,0,000,0,00,0,000,0,00,,,,7,Z003
8,I030,30008810,TUBO PEAD PE 80 AGUA DE 315 PN12.5 SDR11,M,3.846,000,1.458.037,17,0,000,0,00,0,000,0,00,,,,7,Z003
8,S030,30008810,TUBO PEAD PE 80 AGUA DE 315 PN12.5 SDR11,M,517,160,196.057,85,0,000,0,00,0,000,0,00,,,,7,Z003
8,D030,30008829,VALV GAV CM REV ELAST BB JE CAB FF DN200,un,6,000,5.780,48,0,000,0,00,0,000,0,00,,,,45,Z003
8,D030,30008830,VALV GAV CM REV ELAST FL CAB DN 250,un,3,000,4.472,13,0,000,0,00,0,000,0,00,,,,45,Z003
8,D030,30008882,COLAR DE TOMADA FF C/ CINTA INOX DN350,un,13,000,5.228,35,0,000,0,00,0,000,0,00,,,,4,Z003
8,D030,30008903,CARRETEL FF DUCTIL DN150 (PN 10/16),un,1,000,290,00,0,000,0,00,0,000,0,00,,,,4,Z003
8,D030,30008931,REGISTRO BROCA PP/PVC P/RAMAL PREDIAL,un,34,000,67,32,0,000,0,00,0,000,0,00,,,,45,Z003
8,D030,30008952,TOCO FF FLANGES DN250 PN10 L=0.5M,un,3,000,1.489,02,0,000,0,00,0,000,0,00,,,,4,Z003
8,D030,30008980,TE DE SERVICO ELETROF - DE 315 X 20,un,90,000,17.605,50,0,000,0,00,0,000,0,00,,,,7,Z003
8,D030,30008993,BUCHA REDUCAO FERRO MALEAV GALV DN80X65,un,3,000,275,50,0,000,0,00,0,000,0,00,,,,5,Z003
8,D030,30009009,EXTREMIDADE FF PONTA FLG DN150 PN10,un,1,000,240,94,0,000,0,00,0,000,0,00,,,,4,Z003
8,D030,30009027,BUCHA REDUCAO FERRO MALEAV GALV DN65X50,un,6,000,209,10,0,000,0,00,0,000,0,00,,,,5,Z003
8,D030,30009032,CARRETEL FF DUCTIL DN100 (PN 10/16),un,1,000,0,01,0,000,0,00,0,000,0,00,,,,4,Z003
8,D030,30009033,CARRETEL FF DUCTIL DN80 (PN 10/16/25),un,2,000,900,00,0,000,0,00,0,000,0,00,,,,4,Z003
8,D030,30009049,CURVA 90GR FF FLANGES DN200 PN16,un,1,000,351,07,0,000,0,00,0,000,0,00,,,,4,Z003
8,D030,30009068,LUVA FERR MALEAV GALV DN50X40 (2X1.1/2),un,10,000,159,17,0,000,0,00,0,000,0,00,,,,5,Z003
8,D030,30009121,TE DE SERVICO ELETROF - DE 200 X 20,un,91,000,15.017,79,0,000,0,00,0,000,0,00,,,,7,Z003
8,D030,30009821,REDUCAO FF FLANGES DN200 X 80 PN10,PE,1,000,763,40,0,000,0,00,0,000,0,00,,,,4,Z003
8,D030,30010435,CAP ELETROF - DE 200 - SDR 11 - PE 100,un,3,000,500,71,0,000,0,00,0,000,0,00,,,,7,Z003
8,D030,30010436,REDUCAO CONC ELETROF - DE 200 X 160,un,2,000,424,36,0,000,0,00,0,000,0,00,,,,7,Z003
8,D030,30010469,TE RED. ELETROF DE 200 X 110 PE 100,un,5,000,2.953,77,0,000,0,00,0,000,0,00,,,,7,Z003
8,D030,30010469,TE RED. ELETROF DE 200 X 110 PE 100,un,2,000,2.071,36,0,000,0,00,0,000,0,00,I.AM070003/0612-00210000,I.AM070003/0612-00210000,Q,7,Z003
8,D030,30010472,CAP ELETROF - DE 160 - SDR 11 - PE 100,un,19,000,1.882,84,0,000,0,00,0,000,0,00,,,,7,Z003
8,D030,30010552,COTOV 45 G ELETROF DE 200 SDR 11 PE 100,un,4,000,2.302,20,0,000,0,00,0,000,0,00,,,,7,Z003
8,D030,30010627, COTOV 90 GR ELETROF DE 200 SDR11 PE 100,un,3,000,1.636,77,0,000,0,00,0,000,0,00,,,,7,Z003
8,D030,30010674,COTOV 90 G ELETROF DE 250 SDR 11 PE 100,un,8,000,4.242,95,0,000,0,00,0,000,0,00,,,,7,Z003
8,D030,30010675,COTOV 90 G ELETROF DE 315 SDR 11 PE 100,un,7,000,11.224,65,0,000,0,00,0,000,0,00,,,,7,Z003
8,D030,30011075,TE DE SERVICO ELETROF - DE 200 X 32,un,112,000,17.938,20,0,000,0,00,0,000,0,00,,,,7,Z003
8,D030,30011076,TE DE SERVICO ELETROF - DE 315 X 32,un,7,000,1.174,03,0,000,0,00,0,000,0,00,,,,7,Z003
8,D030,30011478,LUVA FE MALEAV GALV DN 100 X 50 (4 X 2),un,1,000,49,21,0,000,0,00,0,000,0,00,,,,5,Z003
8,D030,30011482,FLANGE  ACO LAM SHOP PRIMER 28 POL,un,0,000,0,00,0,000,0,00,0,000,0,00,,,,46,Z003
8,D030,30011984,NIPLE CONICO ACO CARBON GALV DN50(2),un,24,000,399,48,0,000,0,00,0,000,0,00,,,,5,Z003
8,D030,30012129,TE FF C/FLANGES DN 250 X 80 PN 10,un,1,000,1.154,51,0,000,0,00,0,000,0,00,,,,4,Z003
8,D030,30013192,SELIM 90 G PVC DN 300 X 150 ENCAIXE,un,20,000,2.555,18,0,000,0,00,0,000,0,00,,,,7,Z003
8,I030,30013385,TUBO PEAD AG PE 100 DE DE 400 PN 10,M,1.404,000,485.976,47,0,000,0,00,0,000,0,00,,,,7,Z003
8,D030,30013646,FLANGE ACO CARB LISA DN50 FURACAO PN10,un,6,000,1,05,0,000,0,00,0,000,0,00,,,,5,Z003
8,D030,30014215,TUBO PEAD AG PE 100 DE 800 PN 10,M,684,000,1.194.567,01,0,000,0,00,0,000,0,00,,,,7,Z003
8,D030,30015120,TIL- TUBO INSPECAO/LIMPEZA DN 100X100,un,25,000,878,63,0,000,0,00,0,000,0,00,,,,7,Z003
8,D030,30016004,COLARINHO DE 200 LONGO SDR 11 PE 100,un,5,000,3.819,72,0,000,0,00,0,000,0,00,,,,7,Z003
8,D030,30016413,TE FF C/FLANGES DN 350 X 300 PN 10,un,1,000,2.360,76,0,000,0,00,0,000,0,00,,,,4,Z003
8,D030,30016979,CURVA 22GR30 FF FLANGES DN250 PN10,un,1,000,0,01,0,000,0,00,0,000,0,00,,,,4,Z003
8,D030,30018749,REDUCAO CONC ELETROF - DE 315 X 250,un,18,000,16.117,34,0,000,0,00,0,000,0,00,,,,7,Z003
8,D030,30019603,JUNTA FLEXI ESGOTO ADAP DN 400MMX400MM,un,8,000,2.919,55,0,000,0,00,0,000,0,00,,,,7,Z003
8,D030,30019909,ACOPLAMENTO RAP INOX VED UNI TUBO DN 75,un,6,000,2.662,32,0,000,0,00,0,000,0,00,,,,46,Z003
8,D030,30020022,ACOPLAMENTO RAP INOX VED UNI TUBO DN 150,un,5,000,2.744,93,0,000,0,00,0,000,0,00,,,,46,Z003
8,D030,30020025,ACOPLAMENTO RAP INOX VED UNI TUBO DN 300,un,5,000,6.938,08,0,000,0,00,0,000,0,00,,,,46,Z003
8,D030,30020161,TOCO FF FLANGES DN200 PN10 L=0.5M,un,1,000,0,10,0,000,0,00,0,000,0,00,,,,4,Z003
8,D030,30020443,REDUCAO FF DUCTIL C/FLANGES DN350X200,un,1,000,1.285,48,0,000,0,00,0,000,0,00,,,,4,Z003
8,D030,30020665,TE RED. ELETROF DE 200 X 160 PE 100,un,2,000,1.743,58,0,000,0,00,0,000,0,00,,,,7,Z003
8,D030,30020665,TE RED. ELETROF DE 200 X 160 PE 100,un,2,000,2.441,14,0,000,0,00,0,000,0,00,I.AM070003/0612-00210000,I.AM070003/0612-00210000,Q,7,Z003
8,D030,30020892,VENTOSA FF TRIP FC FECH AMORT DN150 PN16,un,2,000,11.969,93,0,000,0,00,0,000,0,00,,,,45,Z003
8,D030,30020893,VENTOSA FF TRIP FC FECH AMORT DN100 PN16,un,2,000,5.786,92,0,000,0,00,0,000,0,00,,,,45,Z003
8,D030,30020895,VENTOSA TRIP FUNC FECH AMORT DN 50 PN16,un,21,000,18.217,83,0,000,0,00,0,000,0,00,,,,45,Z003
8,D030,30021702,TE DE SERVICO ELETROF - DE 200 X 63,un,15,000,3.594,15,0,000,0,00,0,000,0,00,,,,7,Z003
8,D030,30021703,TE DE SERVICO ELETROFUSAO - DE 160 X 63,un,2,000,426,32,0,000,0,00,0,000,0,00,,,,7,Z003
8,D030,30021742,CAP ELETROFUSAO DE 250 SDR 11 PE 100,un,1,000,304,30,0,000,0,00,0,000,0,00,,,,7,Z003
8,D030,30021751,TE DE SERVICO ELETROF - DE 315 X 63,un,2,000,536,60,0,000,0,00,0,000,0,00,,,,7,Z003
8,D030,30021800,TE SELA ELETROF DE 315 X DE 160 TP PONTA,un,10,000,32.523,87,0,000,0,00,0,000,0,00,,,,7,Z003
8,D030,30023927,SELIM AJUST TUBO PVC E CER DN 200X150,un,20,000,2.657,15,0,000,0,00,0,000,0,00,,,,7,Z003
8,D030,30026463,LUVA CORRER FF BOLSAS JM C.LONG DN 500,un,0,000,0,00,0,000,0,00,0,000,0,00,,,,4,Z003
8,D030,30028044,TE FF C/FLANGES DN 250 X 200 PN 10,un,1,000,0,10,0,000,0,00,0,000,0,00,,,,4,Z003
8,D030,30028198,TE ACO INOX ENV BIPART FLG 3 X 3 POL,un,7,000,22.799,88,0,000,0,00,0,000,0,00,,,,46,Z003
8,D030,30028199,TE ACO INOX ENV BIPART FLG 4 X 4 POL,un,11,000,62.840,81,0,000,0,00,0,000,0,00,,,,46,Z003
8,D030,30028200,TE ACO INOX ENV BIPART FLG 6 X 6 POL,un,7,000,44.966,95,0,000,0,00,0,000,0,00,,,,46,Z003
8,D030,30028201,TE ACO INOX ENV BIPART FLG 8 X 8 POL,un,7,000,50.052,90,0,000,0,00,0,000,0,00,,,,46,Z003
8,D030,30029526,UNIAO PLASTICA P/TUBO PE DE 20,un,45,000,153,82,0,000,0,00,0,000,0,00,,,,7,Z003
8,D030,50000017,PORCA PVC PRETA DN 20,un,733,000,1.020,65,0,000,0,00,0,000,0,00,,,,13,Z005
8,D030,50000021,DISPOSITIVO MED METAL  DN 20,un,1.191,000,112.518,62,0,000,0,00,0,000,0,00,,,,13,Z005
8,D030,50000024,GUARNICAO CONTRAFLANGE P/HIDROM DN 80,un,43,000,1.046,75,0,000,0,00,0,000,0,00,,,,13,Z005
8,D030,50000025,"HIDROM ELETRON ULTRASSONICO FLANGEADO 2""",un,1,000,2.960,90,0,000,0,00,0,000,0,00,,,,12,Z005
8,D030,50000037,TUBETE LIGA CU HIDROM. DN 40 (1. 1/2POL),un,85,000,2.339,81,0,000,0,00,0,000,0,00,,,,13,Z005
8,D030,50000049,FLANGE LATERAL DN 80,un,2,000,209,28,0,000,0,00,0,000,0,00,,,,13,Z005
8,D030,50000057,HIDROM ULTRASSON DN 25-QN 5.0,un,0,000,0,00,0,000,0,00,0,000,0,00,,,,12,Z005
8,D030,50000066,LACRE SELAGEM DA TAMPA/HIDROM CAIXA UMA,un,132,000,216,98,0,000,0,00,0,000,0,00,,,,13,Z005
8,D030,50000071,QN 1.5 M3/H CL C VOLUMETRICO PRE EQUIP,un,12,000,1.186,76,0,000,0,00,0,000,0,00,,,,12,Z005
8,D030,50000076,TUBETE PVC  DN 20 BRANCO LONGO,un,883,000,708,64,0,000,0,00,0,000,0,00,,,,13,Z005
8,D030,50000079,CONEXAO DE ENTR DISPOS SIMPLES PL UMA,un,3,000,29,92,0,000,0,00,0,000,0,00,,,,13,Z005
8,D030,50000094,FILTRO FF C/CARTUCHO FILTRANTE DN 200,un,1,000,3.760,69,0,000,0,00,0,000,0,00,,,,13,Z005
8,D030,50000095,FILTRO FF C/CARTUCHO FILTRANTE DN 80,un,1,000,1.057,79,0,000,0,00,0,000,0,00,,,,13,Z005
8,D030,50000097,GUARNICAO CONTRAFLANGE P/HIDROM DN 100,un,50,000,1.104,01,0,000,0,00,0,000,0,00,,,,13,Z005
8,D030,50000098,GUARNICAO 1- 1/2 POL,un,400,000,375,36,0,000,0,00,0,000,0,00,,,,13,Z005
8,D030,50000108,HIDROM TAQUIM EXTREM ROSCADA DN20-QN0,un,40,000,2.697,75,0,000,0,00,0,000,0,00,,,,12,Z005
8,D030,50000139,PORCA METALICA 1POL,un,109,000,1.440,64,0,000,0,00,0,000,0,00,,,,13,Z005
8,D030,50000143,SUPORTE ADAPTADOR PLASTICO P/DISPOSITIVO,un,120,000,2.354,68,0,000,0,00,0,000,0,00,,,,13,Z005
8,D030,50000149,TUBETE METALICO  DN 20 LONGO,un,452,000,2.956,17,0,000,0,00,0,000,0,00,,,,13,Z005
8,D030,50000150,TUBETE  DN 20  PRETO LONGO,un,24,000,13,81,0,000,0,00,0,000,0,00,,,,13,Z005
8,D030,50000159,CAIXA PLASTICA COMPLETA UMA NTS 303,un,1.600,000,138.047,41,0,000,0,00,0,000,0,00,,,,13,Z005
8,D030,50000164,CONEXAO DE ENTR DISPOS SIMPLES MET UMA,un,98,000,1.988,28,0,000,0,00,0,000,0,00,,,,13,Z005
8,D030,50000179,DISPOSITIVO SUPRESSAO FORN AGUA 1/2 POL,un,215,000,512,86,0,000,0,00,0,000,0,00,,,,13,Z005
8,D030,50000180,DISPOSITIVO SUPRESSAO FORN AGUA 3/4 POL,un,210,000,511,20,0,000,0,00,0,000,0,00,,,,13,Z005
8,D030,50000196,FILTRO FF C/CARTUCHO FILTRANTE DN 50,un,1,000,661,60,0,000,0,00,0,000,0,00,,,,13,Z005
8,D030,50000198,FLANGE LATERAL DN 150,un,2,000,332,44,0,000,0,00,0,000,0,00,,,,13,Z005
8,D030,50000199,FLANGE LATERAL DN 50,un,30,000,2.190,34,0,000,0,00,0,000,0,00,,,,13,Z005
8,D030,50000201,GUARNICAO CONTRAFLANGE P/HIDROM DN 50,un,98,000,2.087,55,0,000,0,00,0,000,0,00,,,,13,Z005
8,D030,50000202,GUARNICAO  1POL,un,8.480,000,4.237,10,0,000,0,00,0,000,0,00,,,,13,Z005
8,D030,50000210,"HIDROM ELETRON ULTRASSONICO FLANGEADO 3""",un,0,000,0,00,0,000,0,00,0,000,0,00,,,,12,Z005
8,D030,50000246,HIDROM VELOCIM TELEM MONOJATO/MULTIJATO,un,5,000,5.226,27,0,000,0,00,0,000,0,00,,,,12,Z005
8,D030,50000252,HIDROMETRO ULTRA DN20-QN 2.5,un,2,000,851,38,0,000,0,00,0,000,0,00,,,,12,Z005
8,D030,50000259,LACRE  TAMPA CINZA,un,654,000,147,36,0,000,0,00,0,000,0,00,,,,13,Z005
8,D030,50000266,LACRE DE CORTE DE FORNECIMENTO P/CX UMA,un,2.471,000,2.573,59,0,000,0,00,0,000,0,00,,,,13,Z005
8,D030,50000284,PORCA  METALICA  DN 20,un,1.354,000,5.051,49,0,000,0,00,0,000,0,00,,,,13,Z005
8,D030,50000285,"PORCA TUBETE HIDRM LIGA CU DN40 (1.1/2"")",un,204,000,5.915,06,0,000,0,00,0,000,0,00,,,,13,Z005
8,D030,50000295,TAMPA METALICA CAIXA UMA DISP SIMPLES CZ,un,77,000,2.734,16,0,000,0,00,0,000,0,00,,,,13,Z005
8,D030,50000296,TAMPA PL CAIXA UMA DISP DUPLO TRANSP,un,12,000,363,16,0,000,0,00,0,000,0,00,,,,13,Z005
8,D030,50000304,TUBETE  METALICO DN 20 CURTO,un,348,000,1.366,92,0,000,0,00,0,000,0,00,,,,13,Z005
8,D030,50000305,TUBETE METALICO 1POL,un,56,000,995,31,0,000,0,00,0,000,0,00,,,,13,Z005
8,D030,50000306,TUBETE POLIPROPILENO P/HIDROMETRO DN 20,un,440,000,154,40,0,000,0,00,0,000,0,00,,,,13,Z005
8,D030,50000307,TUBETE PVC  DN 20 BRANCO CURTO,un,611,000,310,77,0,000,0,00,0,000,0,00,,,,13,Z005
8,D030,50000317,FLANGE LATERAL DN 100,un,8,000,947,98,0,000,0,00,0,000,0,00,,,,13,Z005
8,D030,50000318,GUARNICAO  DN 20,un,5.200,000,620,98,0,000,0,00,0,000,0,00,,,,13,Z005
8,D030,50000323,HIDROM VELOCIM GRANDE CAP DN 50 CLASSE C,un,3,000,3.821,76,0,000,0,00,0,000,0,00,,,,12,Z005
8,D030,50000328,LACRE  BEGE,un,500,000,793,01,0,000,0,00,0,000,0,00,,,,13,Z005
8,D030,50000333,PORCA PVC BRANCA DN 20,un,636,000,1.359,67,0,000,0,00,0,000,0,00,,,,13,Z005
8,D030,50000335,TAMPA PLASTICA PARA CAIXA UMA NTS 303,un,18,000,413,39,0,000,0,00,0,000,0,00,,,,13,Z005
8,D030,50000336,TUBETE COMPLEMENTO METALICO CX,un,45,000,858,24,0,000,0,00,0,000,0,00,,,,13,Z005
8,D030,50000345,DISPOSITIVO SUPRESSAO DE FORN. DE AGUA,un,16,000,152,15,0,000,0,00,0,000,0,00,,,,13,Z005
8,D030,50000387,HIDRO ULTRAS Qn 1,5 (Q3=2,5) - PULSADO,un,0,000,0,00,0,000,0,00,0,000,0,00,,,,12,Z005
8,D030,50000472,CAIXA PLASTICA COMPLETA UMA-P - NTS 333,un,58,000,8.944,54,0,000,0,00,0,000,0,00,,,,13,Z005
8,D030,50000530,DN20 - QN 1,5 - VOLUM - ANTI S.I- R.INCL,un,33,000,3.858,14,0,000,0,00,0,000,0,00,,,,12,Z005
8,D030,50000693,HIDROM ULTRAS DN 25 10m2/h  RECUPERADO,un,3,000,750,00,0,000,0,00,0,000,0,00,,,,12,Z005
